station_id,timestamp,temperature,humidity,pressure,anomaly,anomaly_type
AWS001,2026-01-01 00:00:00,28.198685661204493,72.09903315487901,999.6624108625128,0,Normal
AWS001,2026-01-01 00:15:00,28.337113054912383,70.405903585917,999.9768258595217,0,Normal
AWS001,2026-01-01 00:30:00,29.042232568560586,68.13155267157948,999.7019472879654,0,Normal
AWS001,2026-01-01 00:45:00,29.779753874659978,66.10324000319972,999.9932222581627,0,Normal
AWS001,2026-01-01 01:00:00,29.459252920725792,67.16504929388257,999.2494020542135,0,Normal
AWS001,2026-01-01 01:15:00,29.834982009039297,65.7686360985852,1000.3518100760875,0,Normal
AWS001,2026-01-01 01:30:00,30.927785720393494,65.60253834456525,1000.2946541586698,0,Normal
AWS001,2026-01-01 01:45:00,30.96070603297517,64.31842734923794,999.9343165793665,0,Normal
AWS001,2026-01-01 02:00:00,30.81221024562602,64.074329072979,1000.7212014108765,0,Normal
AWS001,2026-01-01 02:15:00,31.550445415552,60.86359368736512,1000.9089764921794,0,Normal
AWS001,2026-01-01 02:30:00,31.467201496927338,62.84466966332068,999.6849064879992,0,Normal
AWS001,2026-01-01 02:45:00,31.76978298917231,60.406212180537565,1000.1556881945468,0,Normal
AWS001,2026-01-01 03:00:00,32.339425595745695,62.506289591139684,1000.2006997911548,0,Normal
AWS001,2026-01-01 03:15:00,31.745726747010746,57.68862116068098,1000.1633831065225,0,Normal
AWS001,2026-01-01 03:30:00,32.0701529087422,60.703645600379346,1001.0959662100689,0,Normal
AWS001,2026-01-01 03:45:00,32.76390266211888,57.82482199065579,1000.6320274703235,0,Normal
AWS001,2026-01-01 04:00:00,32.79101997457286,56.03249193781175,1000.6441997146522,0,Normal
AWS001,2026-01-01 04:15:00,33.50693538223424,55.82108012592819,999.8218346723514,0,Normal
AWS001,2026-01-01 04:30:00,33.18006756485923,55.66128605003922,1001.188563046868,0,Normal
AWS001,2026-01-01 04:45:00,33.11665929643652,56.43229697717629,1000.2980798628629,0,Normal
AWS001,2026-01-01 05:00:00,34.38181446530303,56.29536583771723,1000.9942847110426,0,Normal
AWS001,2026-01-01 05:15:00,33.794401162224766,54.42767078804368,1001.1493580291558,0,Normal
AWS001,2026-01-01 05:30:00,33.97568045011803,55.091795191001374,1001.737079441683,0,Normal
AWS001,2026-01-01 05:45:00,33.41725426494624,58.245521689338744,1000.4481376102245,0,Normal
AWS001,2026-01-01 06:00:00,33.782246910189926,57.59131475515107,999.6382942191849,0,Normal
AWS001,2026-01-01 06:15:00,34.03152257531556,55.686601655932,1001.2851701959579,0,Normal
AWS001,2026-01-01 06:30:00,33.48827173727394,55.18533229664515,1002.1383766801687,0,Normal
AWS001,2026-01-01 06:45:00,34.03499088975765,55.46826778402894,1001.9021384567606,0,Normal
AWS001,2026-01-01 07:00:00,33.55529948176689,56.4313895647596,1001.4316957782944,0,Normal
AWS001,2026-01-01 07:15:00,33.564903277053325,54.26185920977581,1001.1248935340752,0,Normal
AWS001,2026-01-01 07:30:00,33.30259455017597,55.75574220619568,1001.8177515087966,0,Normal
AWS001,2026-01-01 07:45:00,34.122147722999706,54.04403276619328,1000.9705170812967,0,Normal
AWS001,2026-01-01 08:00:00,33.190753532811456,57.60845362714134,1001.7381788846781,0,Normal
AWS001,2026-01-01 08:15:00,32.56573330223291,58.498749725015934,1001.795043312163,0,Normal
AWS001,2026-01-01 08:30:00,33.08913800658869,57.374920202182416,1002.1143085057005,0,Normal
AWS001,2026-01-01 08:45:00,32.02270138488546,61.08338303275038,1003.0055047611798,0,Normal
AWS001,2026-01-01 09:00:00,32.32618612512118,57.55474978769828,1001.8629186826482,0,Normal
AWS001,2026-01-01 09:15:00,31.172206841048503,57.91325045318423,1001.4528186247829,0,Normal
AWS001,2026-01-01 09:30:00,31.12129415449295,61.205256292709144,1001.7346459345074,0,Normal
AWS001,2026-01-01 09:45:00,31.412165892465264,63.23709395862419,1000.9025599610327,0,Normal
AWS001,2026-01-01 10:00:00,31.295386631998163,65.02589153718681,1001.4789277214817,0,Normal
AWS001,2026-01-01 10:15:00,30.722279453789998,62.67734325241157,1001.6603405010537,0,Normal
AWS001,2026-01-01 10:30:00,30.249841281235245,65.87776976467059,1001.6411356535236,0,Normal
AWS001,2026-01-01 10:45:00,29.808195313583255,65.12064531620152,1002.0170458936215,0,Normal
AWS001,2026-01-01 11:00:00,28.961505474468154,65.85877337355095,1001.5668274791091,0,Normal
AWS001,2026-01-01 11:15:00,28.882604248738886,68.39913507598808,1002.5751921982032,0,Normal
AWS001,2026-01-01 11:30:00,28.598901644936394,69.02059143431934,1002.0508804385277,0,Normal
AWS001,2026-01-01 11:45:00,28.815267665868422,66.65436482607147,1002.0816777444595,0,Normal
AWS001,2026-01-01 12:00:00,28.137447315827384,72.21481052458884,1001.9573729853032,0,Normal
AWS001,2026-01-01 12:15:00,26.902365162474048,73.05118396967332,1002.2333401952686,0,Normal
AWS001,2026-01-01 12:30:00,27.34647643443761,71.01954883103647,1002.6021413504272,0,Normal
AWS001,2026-01-01 12:45:00,26.675425155736704,73.52006013039804,1001.7892882682095,0,Normal
AWS001,2026-01-01 13:00:00,26.17631692926249,74.62333095596192,1001.9264611778993,0,Normal
AWS001,2026-01-01 13:15:00,26.31603372371738,75.21260262828328,1002.1357185973308,0,Normal
AWS001,2026-01-01 13:30:00,26.116299214807842,74.91479375470821,1001.6460958983515,0,Normal
AWS001,2026-01-01 13:45:00,25.718779906332472,75.62689530137794,1001.9402313178251,0,Normal
AWS001,2026-01-01 14:00:00,24.664312990710943,77.46166889351284,1002.1419495841013,0,Normal
AWS001,2026-01-01 14:15:00,24.542893651541902,80.09264702418308,1002.8468171847983,0,Normal
AWS001,2026-01-01 14:30:00,24.4799367985091,79.94682166702245,1002.5698207182759,0,Normal
AWS001,2026-01-01 14:45:00,24.43414316024853,79.33426572837186,1002.5635996126531,0,Normal
AWS001,2026-01-01 15:00:00,23.5656896177426,81.76414978377073,1002.9198578179916,0,Normal
AWS001,2026-01-01 15:15:00,23.41469756446061,77.00478318123955,1002.4526593090836,0,Normal
AWS001,2026-01-01 15:30:00,22.79734596865018,83.62344865492668,1002.7428389695441,0,Normal
AWS001,2026-01-01 15:45:00,22.53269967655246,79.86247351637103,1002.5215749535346,0,Normal
AWS001,2026-01-01 16:00:00,23.128857906251046,82.44671964466188,1002.7307573860531,0,Normal
AWS001,2026-01-01 16:15:00,23.1612595622322,81.77358628105111,1002.3308916960746,0,Normal
AWS001,2026-01-01 16:30:00,22.427918756300148,81.91617077408795,1001.4263552139068,0,Normal
AWS001,2026-01-01 16:45:00,22.719832382186176,85.94519212349437,1002.6014086451725,0,Normal
AWS001,2026-01-01 17:00:00,22.349099452284644,83.78733559236818,1003.4019922926481,0,Normal
AWS001,2026-01-01 17:15:00,21.857240415738566,85.23153502864452,1003.1750755804911,0,Normal
AWS001,2026-01-01 17:30:00,22.195889073960505,84.80129205228837,1003.2152902170592,0,Normal
AWS001,2026-01-01 17:45:00,22.628061087154766,85.68344508941374,1003.3705488502455,0,Normal
AWS001,2026-01-01 18:00:00,21.98566958435602,85.11523283659038,1002.8159673930146,0,Normal
AWS001,2026-01-01 18:15:00,22.63870392289398,83.0433955122962,1002.8887095247549,0,Normal
AWS001,2026-01-01 18:30:00,21.00343279012124,86.36607314977786,1002.4988918325548,0,Normal
AWS001,2026-01-01 18:45:00,22.444049319330706,83.97114433130649,1002.6665957675356,0,Normal
AWS001,2026-01-01 19:00:00,22.239263869560858,82.1540145463464,1003.1486759633708,0,Normal
AWS001,2026-01-01 19:15:00,22.19881628284302,83.56177920097771,1003.4581302517262,0,Normal
AWS001,2026-01-01 19:30:00,22.493427115546478,86.10933267362077,1002.8010978693561,0,Normal
AWS001,2026-01-01 19:45:00,21.823735984963513,84.72842373616056,1002.6595907606232,0,Normal
AWS001,2026-01-01 20:00:00,22.715978822158363,82.46740285515479,1002.8980414582954,0,Normal
AWS001,2026-01-01 20:15:00,23.154027354789427,81.94815762806053,1003.2106971340482,0,Normal
AWS001,2026-01-01 20:30:00,23.831037576149193,81.41784752754246,1002.1997035297652,0,Normal
AWS001,2026-01-01 20:45:00,23.281653067816677,84.39271908752592,1001.784295448262,0,Normal
AWS001,2026-01-01 21:00:00,23.43396187172344,81.17950489614554,1002.6670874164639,0,Normal
AWS001,2026-01-01 21:15:00,23.843222291965773,80.53524969728763,1002.3411818048241,0,Normal
AWS001,2026-01-01 21:30:00,24.713592273028507,80.67684661617858,1002.7058598974311,0,Normal
AWS001,2026-01-01 21:45:00,24.798079045746256,78.6917372338338,1002.8936393704856,0,Normal
AWS001,2026-01-01 22:00:00,24.78809591849318,77.11143678126895,1002.7477103796099,0,Normal
AWS001,2026-01-01 22:15:00,25.551574831931333,76.33980557965755,1003.7065771042937,0,Normal
AWS001,2026-01-01 22:30:00,25.74273042554868,75.63284959635526,1003.1489265623178,0,Normal
AWS001,2026-01-01 22:45:00,26.458821204394184,74.76575862478268,1003.140202897733,0,Normal
AWS001,2026-01-01 23:00:00,26.166264491833928,74.9737299919933,1003.3046803417375,0,Normal
AWS001,2026-01-01 23:15:00,26.698393209264122,73.00427365895288,1002.4269698097252,0,Normal
AWS001,2026-01-01 23:30:00,27.059999585426826,73.05685299912415,1003.5179496561393,0,Normal
AWS001,2026-01-01 23:45:00,27.022175245366295,70.85997206828927,1002.9617162704609,0,Normal
AWS001,2026-01-02 00:00:00,28.11844811082583,70.11795278547413,1003.3352403086207,0,Normal
AWS001,2026-01-02 00:15:00,28.49684088425281,66.0216520347497,1002.4636697972086,0,Normal
AWS001,2026-01-02 00:30:00,28.78520253597729,69.41659862875295,1002.2215143794211,0,Normal
AWS001,2026-01-02 00:45:00,29.076707078746708,67.59337788360507,1003.405331197628,0,Normal
AWS001,2026-01-02 01:00:00,28.98676597379496,67.61472948825165,1003.1817815327645,0,Normal
AWS001,2026-01-02 01:15:00,29.760378662712824,60.83402495316204,1002.5389399407488,0,Normal
AWS001,2026-01-02 01:30:00,30.159014787579828,67.39231057169475,1002.5507226393793,0,Normal
AWS001,2026-01-02 01:45:00,30.332821233625356,63.156285204482224,1003.5430607292657,0,Normal
AWS001,2026-01-02 02:00:00,30.935485715333595,64.16227422510627,1002.3796286376877,0,Normal
AWS001,2026-01-02 02:15:00,31.49504174084343,60.10658761401766,1003.7888660065223,0,Normal
AWS001,2026-01-02 02:30:00,32.407042934536534,61.78773942246305,1002.5096196289307,0,Normal
AWS001,2026-01-02 02:45:00,32.02590601573315,58.529689428738486,1003.2707339805854,0,Normal
AWS001,2026-01-02 03:00:00,32.34566084340839,58.45774484115808,1002.7780466033353,0,Normal
AWS001,2026-01-02 03:15:00,32.48126047856739,61.593449918615526,1003.2339796403718,0,Normal
AWS001,2026-01-02 03:30:00,31.992611555627796,57.81367629448645,1002.6495739367749,0,Normal
AWS001,2026-01-02 03:45:00,32.97821212363558,57.854105125231406,1002.8286973065475,0,Normal
AWS001,2026-01-02 04:00:00,33.220244506683045,58.31472053926655,1002.918237066565,0,Normal
AWS001,2026-01-02 04:15:00,34.36653329419025,57.29043170896858,1002.3835916651582,0,Normal
AWS001,2026-01-02 04:30:00,33.46633280915527,56.36743537004607,1003.2412331799067,0,Normal
AWS001,2026-01-02 04:45:00,33.80219971390408,56.343489561272754,1002.5995812499059,0,Normal
AWS001,2026-01-02 05:00:00,33.78167024985231,59.116235983521385,1002.7264904308153,0,Normal
AWS001,2026-01-02 05:15:00,33.41724046737156,55.20179259840117,1002.3274575082448,0,Normal
AWS001,2026-01-02 05:30:00,34.405798294048864,55.4299756494653,1001.5265509508744,0,Normal
AWS001,2026-01-02 05:45:00,34.28792675250633,56.60809774543237,1002.694537789752,0,Normal
AWS001,2026-01-02 06:00:00,34.31641277881722,56.658288899436975,1003.9779463083403,0,Normal
AWS001,2026-01-02 06:15:00,33.623398557513724,56.81266160976152,1003.1447856332915,0,Normal
AWS001,2026-01-02 06:30:00,34.509786892617306,56.086422412436626,1002.7229612848964,0,Normal
AWS001,2026-01-02 06:45:00,33.323971257302475,53.57371342485581,1002.5805224647662,0,Normal
AWS001,2026-01-02 07:00:00,34.03029779525452,57.96125990411562,1002.7018511710041,0,Normal
AWS001,2026-01-02 07:15:00,34.55776302729463,54.076529968045385,1002.9421077838532,0,Normal
AWS001,2026-01-02 07:30:00,33.14706266501544,56.595760210189255,1002.0553573853906,0,Normal
AWS001,2026-01-02 07:45:00,33.15471735735502,55.41549510198064,1003.1794318722148,0,Normal
AWS001,2026-01-02 08:00:00,33.23601296874169,56.91341142334392,1002.955766869074,0,Normal
AWS001,2026-01-02 08:15:00,32.787427412168796,58.02109943091703,1002.9322786928548,0,Normal
AWS001,2026-01-02 08:30:00,32.13985466932096,58.58173571880688,1002.7668444139846,0,Normal
AWS001,2026-01-02 08:45:00,32.53846403479628,59.355284019168266,1002.5311535321304,0,Normal
AWS001,2026-01-02 09:00:00,31.81771920162884,61.81396518578976,1002.830839454891,0,Normal
AWS001,2026-01-02 09:15:00,32.14551186285449,60.790114225769926,1002.76271172384,0,Normal
AWS001,2026-01-02 09:30:00,31.284798880358803,60.502343611933206,1002.2615196983044,0,Normal
AWS001,2026-01-02 09:45:00,31.953395160124632,63.112577257138504,1002.1228217079935,0,Normal
AWS001,2026-01-02 10:00:00,30.686698683065504,64.28420573338695,1002.4309881685047,0,Normal
AWS001,2026-01-02 10:15:00,30.524907534831737,61.524257924009504,1003.1243703234335,0,Normal
AWS001,2026-01-02 10:30:00,30.62150748113841,65.15584861929842,1001.6994778222612,0,Normal
AWS001,2026-01-02 10:45:00,29.43629106524539,66.23016713391891,1001.553818978843,0,Normal
AWS001,2026-01-02 11:00:00,29.64389824445678,65.67136906842221,1002.3378998430552,0,Normal
AWS001,2026-01-02 11:15:00,29.69339903380975,69.13720538972548,1002.2482972269929,0,Normal
AWS001,2026-01-02 11:30:00,28.140163859495814,67.81702373615045,1002.2762630502787,0,Normal
AWS001,2026-01-02 11:45:00,28.466272318793784,69.20731774175516,1002.2777214522933,0,Normal
AWS001,2026-01-02 12:00:00,28.103953117699373,69.7403922635742,1002.0097192162423,0,Normal
AWS001,2026-01-02 12:15:00,27.920310373330068,71.00441550982436,1002.8312596243298,0,Normal
AWS001,2026-01-02 12:30:00,26.722062562328468,70.31348025295796,1001.2503249168303,0,Normal
AWS001,2026-01-02 12:45:00,26.301275422669516,70.76627850635049,1001.6004283521509,0,Normal
AWS001,2026-01-02 13:00:00,26.65586235563164,76.27404327137526,1001.9264100652257,0,Normal
AWS001,2026-01-02 13:15:00,26.190157077474307,73.55114995706992,1001.1192740520274,0,Normal
AWS001,2026-01-02 13:30:00,25.804096545947814,74.25316296129189,1001.8152526502748,0,Normal
AWS001,2026-01-02 13:45:00,25.48484714248479,73.40424518287944,1002.6957168029742,0,Normal
AWS001,2026-01-02 14:00:00,24.72799011136861,76.54155737846573,1001.8367275311741,0,Normal
AWS001,2026-01-02 14:15:00,24.75948008074679,76.34891880518278,1001.9024483663367,0,Normal
AWS001,2026-01-02 14:30:00,24.464660415267147,81.59444417533535,1001.1173507080172,0,Normal
AWS001,2026-01-02 14:45:00,23.758184542189042,81.404912860515,1001.399119733617,0,Normal
AWS001,2026-01-02 15:00:00,24.50366911733862,79.57437620003161,1001.4791125088968,0,Normal
AWS001,2026-01-02 15:15:00,23.678494323490856,84.65625082020111,1001.4668171933462,0,Normal
AWS001,2026-01-02 15:30:00,22.763358559371532,83.37294833485592,1002.2250254494529,0,Normal
AWS001,2026-01-02 15:45:00,23.273803769638263,81.98479710927525,1001.8211537629422,0,Normal
AWS001,2026-01-02 16:00:00,22.41397490920244,79.24127248445622,1000.9442710215314,0,Normal
AWS001,2026-01-02 16:15:00,22.933597392300854,86.88950498187643,1001.580542570365,0,Normal
AWS001,2026-01-02 16:30:00,22.920161036535244,81.7738342875239,1001.6633010847263,0,Normal
AWS001,2026-01-02 16:45:00,21.99014629568868,81.73585382199124,1001.9407861461519,0,Normal
AWS001,2026-01-02 17:00:00,22.589795493963322,86.02274304235048,1002.1171364139412,0,Normal
AWS001,2026-01-02 17:15:00,22.280400688355222,88.37140781555736,1000.775118184377,0,Normal
AWS001,2026-01-02 17:30:00,22.380154895754934,86.94808214837293,1000.832692333808,0,Normal
AWS001,2026-01-02 17:45:00,22.771563653629958,85.81374752865759,1000.5644564941238,0,Normal
AWS001,2026-01-02 18:00:00,21.90184475359885,85.89213151249793,1001.0310403675418,0,Normal
AWS001,2026-01-02 18:15:00,21.711351994825385,86.2480071867495,1001.3357269970073,0,Normal
AWS001,2026-01-02 18:30:00,21.695525059906927,86.0100658052873,1001.5504174020582,0,Normal
AWS001,2026-01-02 18:45:00,21.78896420359444,85.13356634200252,1000.9726940483554,0,Normal
AWS001,2026-01-02 19:00:00,22.173604358499947,84.64518905026385,1000.8043946342821,0,Normal
AWS001,2026-01-02 19:15:00,22.454880012956025,84.1100622505773,1000.9935880564141,0,Normal
AWS001,2026-01-02 19:30:00,22.567399124664284,82.7272461043693,1000.4532825809484,0,Normal
AWS001,2026-01-02 19:45:00,22.949636850418276,83.03207850769017,1001.8685352154022,0,Normal
AWS001,2026-01-02 20:00:00,22.809048334044526,80.4509458354735,999.9726266217485,0,Normal
AWS001,2026-01-02 20:15:00,23.592595957047656,82.32453474434604,1000.8213108291577,0,Normal
AWS001,2026-01-02 20:30:00,23.134017224957404,80.41741344364215,1001.6930318987179,0,Normal
AWS001,2026-01-02 20:45:00,24.57702882176198,79.62221313636101,1000.6367345793569,0,Normal
AWS001,2026-01-02 21:00:00,24.007626251986718,80.87644294452843,1000.4902514485476,0,Normal
AWS001,2026-01-02 21:15:00,23.70106208683307,81.97819065601794,1000.3583278724248,0,Normal
AWS001,2026-01-02 21:30:00,23.919074426723228,80.50889634413429,1000.3984905793026,0,Normal
AWS001,2026-01-02 21:45:00,24.85956756797966,75.97780258985928,1001.1266156607044,0,Normal
AWS001,2026-01-02 22:00:00,24.910614885869652,76.01555779514452,999.2856476209954,0,Normal
AWS001,2026-01-02 22:15:00,25.63186805632282,78.04548713526736,1001.1095777455488,0,Normal
AWS001,2026-01-02 22:30:00,25.893194455638874,74.2665203951689,999.5820728447636,0,Normal
AWS001,2026-01-02 22:45:00,26.04223164311829,74.48464225455187,1000.1118370577838,0,Normal
AWS001,2026-01-02 23:00:00,26.10836824215751,74.70736382507465,999.9815871775411,0,Normal
AWS001,2026-01-02 23:15:00,26.223519178028887,71.47383814794647,1000.4414796578676,0,Normal
AWS001,2026-01-02 23:30:00,27.038236865852884,72.1159561425197,999.2990950725234,0,Normal
AWS001,2026-01-02 23:45:00,27.950140742348523,68.98000869607485,1000.2801715279204,0,Normal
AWS001,2026-01-03 00:00:00,28.08563749765208,69.0979485340732,1001.0121548116434,0,Normal
AWS001,2026-01-03 00:15:00,27.894123263896063,69.49862596276166,999.2693278028241,0,Normal
AWS001,2026-01-03 00:30:00,28.852429523660774,65.65261651640174,999.9966958353399,0,Normal
AWS001,2026-01-03 00:45:00,29.3246688839883,67.73435727669869,999.5218058881195,0,Normal
AWS001,2026-01-03 01:00:00,29.199371296134665,66.08825762507217,1000.0167342154061,0,Normal
AWS001,2026-01-03 01:15:00,29.990126834197167,66.00714295207833,999.764410666307,0,Normal
AWS001,2026-01-03 01:30:00,30.319384081568938,64.59561971562064,999.3852051244892,0,Normal
AWS001,2026-01-03 01:45:00,30.19654402218176,65.41188029167574,999.901075247535,0,Normal
AWS001,2026-01-03 02:00:00,58.0,62.68783675397185,1000.5105954782332,1,Temperature Spike
AWS001,2026-01-03 02:15:00,58.0,61.02233819301809,999.4643566807703,1,Temperature Spike
AWS001,2026-01-03 02:30:00,32.08578907132243,61.052024819417625,999.8711925508903,0,Normal
AWS001,2026-01-03 02:45:00,32.37759571141437,60.92475981705355,998.8163129372346,0,Normal
AWS001,2026-01-03 03:00:00,31.69157293993644,59.466688387690354,998.9365108455427,0,Normal
AWS001,2026-01-03 03:15:00,32.13590882890781,58.78329042462117,999.6028684818632,0,Normal
AWS001,2026-01-03 03:30:00,32.96613414863087,57.04671236392135,1000.0608292251649,0,Normal
AWS001,2026-01-03 03:45:00,33.194332054180144,56.533604439135416,999.448866134683,0,Normal
AWS001,2026-01-03 04:00:00,33.40217149722905,54.905711035533876,999.067013849431,0,Normal
AWS001,2026-01-03 04:15:00,34.92232904545802,59.17127399179008,999.1758798481568,0,Normal
AWS001,2026-01-03 04:30:00,33.77163339934499,54.27601215924377,998.5039421012517,0,Normal
AWS001,2026-01-03 04:45:00,34.13580703304287,54.75669026087955,999.384548602888,0,Normal
AWS001,2026-01-03 05:00:00,34.17715566313169,54.43350170731018,999.4768481352522,0,Normal
AWS001,2026-01-03 05:15:00,34.1452681829417,56.630607359368206,998.7632852734068,0,Normal
AWS001,2026-01-03 05:30:00,33.822561470386724,54.685902561954805,998.7082287823565,0,Normal
AWS001,2026-01-03 05:45:00,34.29074122762892,56.903729260431554,999.0303913050419,0,Normal
AWS001,2026-01-03 06:00:00,33.69086991418497,53.9897640636342,998.6335898348843,0,Normal
AWS001,2026-01-03 06:15:00,33.89242609673562,55.450607394756645,998.7736882691061,0,Normal
AWS001,2026-01-03 06:30:00,33.75452374911122,53.8753064995032,999.8117398051701,0,Normal
AWS001,2026-01-03 06:45:00,33.91746133817391,58.50594448561163,998.5938218693361,0,Normal
AWS001,2026-01-03 07:00:00,34.72141838440381,53.72971497711971,998.4939638533324,0,Normal
AWS001,2026-01-03 07:15:00,32.934674699933936,56.26077912291396,998.3055174702911,0,Normal
AWS001,2026-01-03 07:30:00,33.81778127121753,57.09247233372884,998.957905775272,0,Normal
AWS001,2026-01-03 07:45:00,32.736150100720266,57.16760752318692,998.4520977322419,0,Normal
AWS001,2026-01-03 08:00:00,33.00737967639086,56.73168745491685,998.1753134808392,0,Normal
AWS001,2026-01-03 08:15:00,33.424397912602224,57.33322476586168,999.1183437835568,0,Normal
AWS001,2026-01-03 08:30:00,32.7858320493856,58.165417103600134,999.1255979503057,0,Normal
AWS001,2026-01-03 08:45:00,32.07994093370215,58.50189988537259,998.0741134754063,0,Normal
AWS001,2026-01-03 09:00:00,31.956519203415304,60.839216957394136,997.4000193252608,0,Normal
AWS001,2026-01-03 09:15:00,32.22791399017429,63.42559727588598,998.7964564072818,0,Normal
AWS001,2026-01-03 09:30:00,31.36042192136546,60.03234088735745,997.9102519965165,0,Normal
AWS001,2026-01-03 09:45:00,31.420004833950404,59.61174203533734,998.6082148861041,0,Normal
AWS001,2026-01-03 10:00:00,31.018228735961525,62.36757692747312,997.1886638041179,0,Normal
AWS001,2026-01-03 10:15:00,30.39309200227168,67.23523365319646,998.5813169490394,0,Normal
AWS001,2026-01-03 10:30:00,31.153678229920676,63.05423666256904,997.4912341828688,0,Normal
AWS001,2026-01-03 10:45:00,30.18220440074618,67.63708322861866,998.4245136019288,0,Normal
AWS001,2026-01-03 11:00:00,28.742857235952084,68.63426554457685,998.0290990886181,0,Normal
AWS001,2026-01-03 11:15:00,29.245123658004548,66.24326280719606,997.5083534257607,0,Normal
AWS001,2026-01-03 11:30:00,28.51844256741296,68.89558173547711,997.7457049374681,0,Normal
AWS001,2026-01-03 11:45:00,28.733392109299356,71.46154799624064,998.2568313234495,0,Normal
AWS001,2026-01-03 12:00:00,27.682991704626932,69.43130838851873,997.931626882998,0,Normal
AWS001,2026-01-03 12:15:00,27.56168664803238,70.67567639829859,998.1364616368971,0,Normal
AWS001,2026-01-03 12:30:00,27.418837758271874,71.0853715123778,998.7986280741643,0,Normal
AWS001,2026-01-03 12:45:00,27.175760145571278,71.40421973420263,996.9950258180796,0,Normal
AWS001,2026-01-03 13:00:00,25.966967166562572,72.9083693589388,998.5530868650474,0,Normal
AWS001,2026-01-03 13:15:00,25.937562713844653,72.98568157940403,997.7645963570425,0,Normal
AWS001,2026-01-03 13:30:00,25.51392128134509,75.79137668786517,997.2315766157503,0,Normal
AWS001,2026-01-03 13:45:00,25.084936165656504,75.47937050669707,996.9849829394446,0,Normal
AWS001,2026-01-03 14:00:00,25.706181696112445,77.85067886768611,997.5253797837378,0,Normal
AWS001,2026-01-03 14:15:00,24.828571286266783,75.99971002598856,998.0512024615203,0,Normal
AWS001,2026-01-03 14:30:00,23.84307784421366,79.62774178345249,997.4976853860363,0,Normal
AWS001,2026-01-03 14:45:00,24.41106988822149,81.14048066891445,998.2887728081544,0,Normal
AWS001,2026-01-03 15:00:00,24.60622179168577,77.61599825394103,996.7800033180666,0,Normal
AWS001,2026-01-03 15:15:00,23.9019472593466,81.838681966956,997.4726103227937,0,Normal
AWS001,2026-01-03 15:30:00,22.632131971870983,83.74180359307847,996.8261967332137,0,Normal
AWS001,2026-01-03 15:45:00,22.81748869703823,80.65758265650138,997.6086301113116,0,Normal
AWS001,2026-01-03 16:00:00,23.310612036968024,85.49923963702312,997.8453674836954,0,Normal
AWS001,2026-01-03 16:15:00,22.33569576455636,84.0816196370394,997.1673480782791,0,Normal
AWS001,2026-01-03 16:30:00,22.634250576190777,82.80067520403169,996.0521292786414,0,Normal
AWS001,2026-01-03 16:45:00,22.628272844401103,84.12029832594001,997.4309258471327,0,Normal
AWS001,2026-01-03 17:00:00,21.833672853634358,85.3263777631186,997.5277510512686,0,Normal
AWS001,2026-01-03 17:15:00,22.091478175155903,84.82578729316707,997.4901794981105,0,Normal
AWS001,2026-01-03 17:30:00,20.75482389572951,85.6798069092767,997.8852996211475,0,Normal
AWS001,2026-01-03 17:45:00,21.603091404034664,83.58687345896,996.711989670833,0,Normal
AWS001,2026-01-03 18:00:00,21.898972739442737,85.25404123605412,997.5684694551913,0,Normal
AWS001,2026-01-03 18:15:00,21.51373318778244,82.84731210322158,997.8062020851869,0,Normal
AWS001,2026-01-03 18:30:00,22.704295353329787,84.7048338285841,996.3029884277247,0,Normal
AWS001,2026-01-03 18:45:00,21.543231766396364,83.35591774385126,997.3351937174104,0,Normal
AWS001,2026-01-03 19:00:00,22.028427247586798,83.38559248045138,996.9071196960109,0,Normal
AWS001,2026-01-03 19:15:00,22.370715453943795,86.05809170524225,997.1030506303074,0,Normal
AWS001,2026-01-03 19:30:00,23.033232120558726,85.4951581685607,997.3030172345726,0,Normal
AWS001,2026-01-03 19:45:00,22.04441869033209,84.3667983043511,996.8717003248943,0,Normal
AWS001,2026-01-03 20:00:00,23.269113078155353,81.35191190975772,996.764368481552,0,Normal
AWS001,2026-01-03 20:15:00,23.01527555059256,81.99743150999599,997.1069824491603,0,Normal
AWS001,2026-01-03 20:30:00,22.847276497833413,83.71994665433729,996.5347460927366,0,Normal
AWS001,2026-01-03 20:45:00,23.673802544831442,81.49017248264452,996.5247015107267,0,Normal
AWS001,2026-01-03 21:00:00,23.836983191110097,84.08559602777076,997.3973308002685,0,Normal
AWS001,2026-01-03 21:15:00,23.80383835853607,80.48016398559258,996.4740649646394,0,Normal
AWS001,2026-01-03 21:30:00,24.37535225994368,79.41949510986586,997.3732262542,0,Normal
AWS001,2026-01-03 21:45:00,24.51245316313767,77.8698787989903,997.2637661165326,0,Normal
AWS001,2026-01-03 22:00:00,25.0454069381005,77.70031135717342,996.1627620514834,0,Normal
AWS001,2026-01-03 22:15:00,25.611120128494402,76.40562559871422,996.6808743367739,0,Normal
AWS001,2026-01-03 22:30:00,26.338306132267586,76.80241450050927,997.6115005215071,0,Normal
AWS001,2026-01-03 22:45:00,25.576237008650285,76.25664545473931,996.5194515165026,0,Normal
AWS001,2026-01-03 23:00:00,27.30029907924739,72.70330148577587,996.7742210991295,0,Normal
AWS001,2026-01-03 23:15:00,26.048622948094227,70.92950539990525,997.2346440780104,0,Normal
AWS001,2026-01-03 23:30:00,27.15612880866545,69.20358482364585,997.3933014922121,0,Normal
AWS001,2026-01-03 23:45:00,27.842908107212978,71.74303392882095,996.8746321432491,0,Normal
AWS001,2026-01-04 00:00:00,28.11239674709401,68.3449500907392,996.7012449026541,0,Normal
AWS001,2026-01-04 00:15:00,28.14333896745261,65.78961717211916,997.7115865171206,0,Normal
AWS001,2026-01-04 00:30:00,28.6999082531774,68.62497502349568,997.8710560694697,0,Normal
AWS001,2026-01-04 00:45:00,28.973341558233226,70.81314444590728,997.4930426567754,0,Normal
AWS001,2026-01-04 01:00:00,29.317168367837425,66.10860795615238,997.0490823015667,0,Normal
AWS001,2026-01-04 01:15:00,30.268477630627377,66.43614418213005,996.6059014212519,0,Normal
AWS001,2026-01-04 01:30:00,30.438906788576567,64.38249255234498,996.5992236167051,0,Normal
AWS001,2026-01-04 01:45:00,30.376568303209748,63.217335166928265,997.2809137155746,0,Normal
AWS001,2026-01-04 02:00:00,31.359839950173292,63.878614724481665,997.234864526323,0,Normal
AWS001,2026-01-04 02:15:00,31.456341206468263,61.23103468842298,997.7332697665788,0,Normal
AWS001,2026-01-04 02:30:00,31.977713421587904,61.26966703597705,997.3652950500134,0,Normal
AWS001,2026-01-04 02:45:00,32.20792642736985,60.59235948279301,996.2969218313389,0,Normal
AWS001,2026-01-04 03:00:00,31.911042682750455,58.39126260173721,997.5836179676517,0,Normal
AWS001,2026-01-04 03:15:00,32.28696642879507,60.210466412120134,996.5685837615122,0,Normal
AWS001,2026-01-04 03:30:00,33.0590374837967,57.83726026058838,996.8863834261919,0,Normal
AWS001,2026-01-04 03:45:00,33.23296577998865,56.39433807622255,997.2150063435422,0,Normal
AWS001,2026-01-04 04:00:00,33.187791785120965,57.81438370858904,998.1000562660248,0,Normal
AWS001,2026-01-04 04:15:00,33.42816740251964,55.19920690432311,998.6702738849538,0,Normal
AWS001,2026-01-04 04:30:00,34.05434315338309,56.184078748384394,997.4325405223715,0,Normal
AWS001,2026-01-04 04:45:00,33.4449522214363,55.78236956260711,997.0522136574981,0,Normal
AWS001,2026-01-04 05:00:00,34.01439391020242,57.13995595441134,997.426462435755,0,Normal
AWS001,2026-01-04 05:15:00,33.80383462144582,56.000268143271484,997.6191955173879,0,Normal
AWS001,2026-01-04 05:30:00,33.86159668695198,55.09078664127513,997.0319484069494,0,Normal
AWS001,2026-01-04 05:45:00,34.42666428022649,56.25876560022138,998.107554006904,0,Normal
AWS001,2026-01-04 06:00:00,34.33016653959521,57.08531132352597,997.3433967820619,0,Normal
AWS001,2026-01-04 06:15:00,34.31255739383188,55.86883161094874,997.4963880552033,0,Normal
AWS001,2026-01-04 06:30:00,34.4708606911046,55.14385600915791,997.6003706512637,0,Normal
AWS001,2026-01-04 06:45:00,33.89311321907248,53.320466445426305,997.4988254259368,0,Normal
AWS001,2026-01-04 07:00:00,34.0683361462524,53.91344211105091,997.7288520256367,0,Normal
AWS001,2026-01-04 07:15:00,33.55747407433325,55.338211001041415,997.0228251804609,0,Normal
AWS001,2026-01-04 07:30:00,33.672943736063104,55.22753870909177,997.0750853299819,0,Normal
AWS001,2026-01-04 07:45:00,33.32917922744906,56.266451922531495,996.8276518586339,0,Normal
AWS001,2026-01-04 08:00:00,33.23495080870372,57.09459383057908,997.6216744039567,0,Normal
AWS001,2026-01-04 08:15:00,33.226880483990044,58.322494946996905,997.8162824217552,0,Normal
AWS001,2026-01-04 08:30:00,32.43283176845403,57.99395172854282,997.6812798884962,0,Normal
AWS001,2026-01-04 08:45:00,33.34799375514805,59.45215535355464,998.3159010133904,0,Normal
AWS001,2026-01-04 09:00:00,31.84023373451941,59.490109904416954,997.5027931536779,0,Normal
AWS001,2026-01-04 09:15:00,31.470399445485334,57.14661292396812,997.867566170827,0,Normal
AWS001,2026-01-04 09:30:00,32.11581292345235,59.45957547414105,997.0156095081554,0,Normal
AWS001,2026-01-04 09:45:00,31.650086475702782,61.450315171123556,997.3968275543209,0,Normal
AWS001,2026-01-04 10:00:00,31.249647926820884,60.68545788573829,997.9677088579092,0,Normal
AWS001,2026-01-04 10:15:00,30.905070345019727,64.26556274170926,998.0746908076857,0,Normal
AWS001,2026-01-04 10:30:00,30.29120188505179,66.55587476303916,997.5339851660798,0,Normal
AWS001,2026-01-04 10:45:00,29.56973504322464,67.00655079799854,997.6766187623518,0,Normal
AWS001,2026-01-04 11:00:00,29.58323609389261,65.7975500170669,996.9855437042227,0,Normal
AWS001,2026-01-04 11:15:00,28.899677247491926,69.30973437503299,997.5986320235318,0,Normal
AWS001,2026-01-04 11:30:00,29.173205046687396,68.26510830250243,998.2555993636664,0,Normal
AWS001,2026-01-04 11:45:00,28.33359582278002,68.51332410487075,998.1318576547142,0,Normal
AWS001,2026-01-04 12:00:00,27.669801121282998,69.07989600468858,998.129012517131,0,Normal
AWS001,2026-01-04 12:15:00,27.47902688795796,70.52734240871992,997.9385589385616,0,Normal
AWS001,2026-01-04 12:30:00,27.382015428389938,71.37562765548893,997.9527546732455,0,Normal
AWS001,2026-01-04 12:45:00,26.603968246781648,73.18197916380514,997.6551625657223,0,Normal
AWS001,2026-01-04 13:00:00,26.1181975711583,74.12314664811261,998.3713767648011,0,Normal
AWS001,2026-01-04 13:15:00,26.16883809277782,74.82616100977748,998.2696180145902,0,Normal
AWS001,2026-01-04 13:30:00,25.801886034252963,76.39565874009584,998.3428295715055,0,Normal
AWS001,2026-01-04 13:45:00,25.14349058853754,78.42029976546453,997.872000858556,0,Normal
AWS001,2026-01-04 14:00:00,24.811584677752677,78.92433120316197,997.0970442530382,0,Normal
AWS001,2026-01-04 14:15:00,24.75939857682544,76.10620654261919,998.7614784423996,0,Normal
AWS001,2026-01-04 14:30:00,23.76819768934875,75.30053973277788,998.0131481813924,0,Normal
AWS001,2026-01-04 14:45:00,23.48093959964896,81.29166709335996,997.8613116803417,0,Normal
AWS001,2026-01-04 15:00:00,23.469981624379756,78.55628367017503,998.6800287568982,0,Normal
AWS001,2026-01-04 15:15:00,23.403582294441403,80.94044900934563,998.1783189383161,0,Normal
AWS001,2026-01-04 15:30:00,23.364242984491803,80.14513056527946,998.9457646400722,0,Normal
AWS001,2026-01-04 15:45:00,23.601324812964553,79.76907352816815,998.7661947422087,0,Normal
AWS001,2026-01-04 16:00:00,23.14691142657418,83.80257514907375,998.8417846616003,0,Normal
AWS001,2026-01-04 16:15:00,22.5547881388185,84.5918238634443,997.8597319632507,0,Normal
AWS001,2026-01-04 16:30:00,22.4491163217712,82.99342738657923,999.1917817822152,0,Normal
AWS001,2026-01-04 16:45:00,21.91740747717425,80.3173885042092,998.7599136387256,0,Normal
AWS001,2026-01-04 17:00:00,22.197039787868633,83.6695207219573,998.4884953597199,0,Normal
AWS001,2026-01-04 17:15:00,21.999824862012566,85.29948521415227,998.7890289533802,0,Normal
AWS001,2026-01-04 17:30:00,22.180418255892373,82.65330556744595,997.8737612941377,0,Normal
AWS001,2026-01-04 17:45:00,21.68195408314745,85.24292372824779,999.0110809821592,0,Normal
AWS001,2026-01-04 18:00:00,22.20773860569647,84.9770352262405,998.3372639488136,0,Normal
AWS001,2026-01-04 18:15:00,22.625942025769408,85.83682109798067,998.2211170472941,0,Normal
AWS001,2026-01-04 18:30:00,22.00782677237439,85.05104347322839,998.1820702631273,0,Normal
AWS001,2026-01-04 18:45:00,22.275973006420195,83.25217579472613,999.5456746273182,0,Normal
AWS001,2026-01-04 19:00:00,22.480502638950036,86.28374464683277,998.7210499072442,0,Normal
AWS001,2026-01-04 19:15:00,22.15793103427503,83.96615758288613,999.8491547946686,0,Normal
AWS001,2026-01-04 19:30:00,22.546359797656443,83.8172361784044,998.8612452367104,0,Normal
AWS001,2026-01-04 19:45:00,22.623800511116595,82.05318918438053,998.3225551666487,0,Normal
AWS001,2026-01-04 20:00:00,22.84291801671289,82.32545767997934,998.6652806447181,0,Normal
AWS001,2026-01-04 20:15:00,22.701978412642536,81.14484011349784,999.8889652702936,0,Normal
AWS001,2026-01-04 20:30:00,23.249684027956157,81.64088101448343,999.2408221219285,0,Normal
AWS001,2026-01-04 20:45:00,23.688160471624315,83.84515983239818,999.0925216946778,0,Normal
AWS001,2026-01-04 21:00:00,24.337816755998727,78.5487500034012,999.494738146878,0,Normal
AWS001,2026-01-04 21:15:00,24.42763343983367,77.46984512968592,999.7138407842539,0,Normal
AWS001,2026-01-04 21:30:00,25.20870440895231,81.33817692637119,1000.0700129877675,0,Normal
AWS001,2026-01-04 21:45:00,24.359639576727155,78.01956797956628,1000.2840581915804,0,Normal
AWS001,2026-01-04 22:00:00,25.34892825468827,76.49639089201013,999.4285371004453,0,Normal
AWS001,2026-01-04 22:15:00,25.419604660981324,78.19418738437915,998.9941152620584,0,Normal
AWS001,2026-01-04 22:30:00,26.57982057909653,74.83182817587104,999.4992159984497,0,Normal
AWS001,2026-01-04 22:45:00,25.748043894038965,77.56060654986784,999.8849770308904,0,Normal
AWS001,2026-01-04 23:00:00,26.11119699251257,74.89917448354669,999.3219111492043,0,Normal
AWS001,2026-01-04 23:15:00,26.589701009725598,72.19448771802342,999.3742215195703,0,Normal
AWS001,2026-01-04 23:30:00,26.367284556955756,75.19385520319905,1000.0737366923096,0,Normal
AWS001,2026-01-04 23:45:00,27.397279215946817,70.07247455394719,999.9265886293354,0,Normal
AWS001,2026-01-05 00:00:00,27.696346935378514,71.11314305801397,1000.0163984977058,0,Normal
AWS001,2026-01-05 00:15:00,28.452576289971347,69.46789193215757,999.6698375275295,0,Normal
AWS001,2026-01-05 00:30:00,28.91985954363117,69.99471905079743,999.9829568913624,0,Normal
AWS001,2026-01-05 00:45:00,29.921010267783135,69.41591196484833,999.6850864508481,0,Normal
AWS001,2026-01-05 01:00:00,29.933083805889524,66.16572054706089,1000.6413085932528,0,Normal
AWS001,2026-01-05 01:15:00,29.697875329554,64.04828121493331,1000.7627878897629,0,Normal
AWS001,2026-01-05 01:30:00,29.936734725651185,64.94970672893237,999.3709574898696,0,Normal
AWS001,2026-01-05 01:45:00,30.85049980991661,62.34909659208682,999.8781054648043,0,Normal
AWS001,2026-01-05 02:00:00,30.471906717191736,65.52008087128996,999.6433139491152,0,Normal
AWS001,2026-01-05 02:15:00,32.066004904459355,61.87124950133006,1000.1151794561627,0,Normal
AWS001,2026-01-05 02:30:00,32.12434462234082,60.320596237901086,1000.4469674352886,0,Normal
AWS001,2026-01-05 02:45:00,31.768404629758525,60.386833232296354,999.8122279739806,0,Normal
AWS001,2026-01-05 03:00:00,31.557386875482933,57.37270884790724,1000.1243410594857,0,Normal
AWS001,2026-01-05 03:15:00,33.052587794540024,57.26498183004938,1000.1313559710362,0,Normal
AWS001,2026-01-05 03:30:00,32.71430410364636,59.9003207575481,1000.7848624538026,0,Normal
AWS001,2026-01-05 03:45:00,33.483944198604654,56.54261439700473,1000.7636127082279,0,Normal
AWS001,2026-01-05 04:00:00,32.558381359188886,55.4392524692105,1000.4155883586388,0,Normal
AWS001,2026-01-05 04:15:00,33.14148644001462,57.351888005800625,1000.9121762906245,0,Normal
AWS001,2026-01-05 04:30:00,33.54537467495499,57.9203632443252,1000.5975139894698,0,Normal
AWS001,2026-01-05 04:45:00,33.700373014476526,56.87447802357103,1000.7818815051266,0,Normal
AWS001,2026-01-05 05:00:00,33.61552876914271,57.005184134372705,1001.8010444410587,0,Normal
AWS001,2026-01-05 05:15:00,34.13385165535838,54.15302816109736,1001.6809000860718,0,Normal
AWS001,2026-01-05 05:30:00,33.52162099648982,52.99561107928008,1000.4069595252998,0,Normal
AWS001,2026-01-05 05:45:00,33.930201745423105,57.28411662935417,1001.5174140187237,0,Normal
AWS001,2026-01-05 06:00:00,34.04811825268476,54.5159802417368,1001.5537485743412,0,Normal
AWS001,2026-01-05 06:15:00,34.192929073055126,54.65586662673837,1000.6191137792048,0,Normal
AWS001,2026-01-05 06:30:00,34.23331511947842,57.12061829216643,1001.6475099112906,0,Normal
AWS001,2026-01-05 06:45:00,33.43485484568423,56.122565808052535,1002.0516312394972,0,Normal
AWS001,2026-01-05 07:00:00,33.18190928944016,56.19494426378638,1000.7655936675349,0,Normal
AWS001,2026-01-05 07:15:00,34.19265150573004,59.04355157492504,1000.9119602163842,0,Normal
AWS001,2026-01-05 07:30:00,33.67620279985957,55.17652966676046,1001.9230209438997,0,Normal
AWS001,2026-01-05 07:45:00,33.08184183457352,57.93866906913152,1001.5930378365618,0,Normal
AWS001,2026-01-05 08:00:00,33.81661321291564,57.095138630579044,1001.7757381376198,0,Normal
AWS001,2026-01-05 08:15:00,33.03508752753242,57.930844233756694,1001.7126028407799,0,Normal
AWS001,2026-01-05 08:30:00,33.23183891537294,60.39240253525028,1001.7795515124152,0,Normal
AWS001,2026-01-05 08:45:00,32.53804623743791,59.48415652224977,1000.9624386775688,0,Normal
AWS001,2026-01-05 09:00:00,33.06693985707207,60.20084240077625,1002.1903695523696,0,Normal
AWS001,2026-01-05 09:15:00,32.65821122757771,61.71857377946363,1002.2920954338506,0,Normal
AWS001,2026-01-05 09:30:00,31.552982914660703,60.32114947055485,1001.6327377185694,0,Normal
AWS001,2026-01-05 09:45:00,31.72204977849937,60.40763200369742,1001.7653594385704,0,Normal
AWS001,2026-01-05 10:00:00,31.258150379834063,60.932786208968444,1001.0607305357483,0,Normal
AWS001,2026-01-05 10:15:00,31.201184764326957,60.416134762650955,1002.1221090981192,0,Normal
AWS001,2026-01-05 10:30:00,29.910131209958497,67.34405920943414,1002.189208573348,0,Normal
AWS001,2026-01-05 10:45:00,30.203057375818332,63.52359547187008,1001.9097729491049,0,Normal
AWS001,2026-01-05 11:00:00,29.976284065354974,65.78583388808349,1002.5402141252355,0,Normal
AWS001,2026-01-05 11:15:00,28.467046137527525,66.65842521992468,1001.847638249051,0,Normal
AWS001,2026-01-05 11:30:00,28.30985374825401,68.50321716341286,1002.3330798690154,0,Normal
AWS001,2026-01-05 11:45:00,27.576725904276817,70.24255888035681,1001.5764957356828,0,Normal
AWS001,2026-01-05 12:00:00,27.892237266222185,71.29071023253961,1002.1095442681226,0,Normal
AWS001,2026-01-05 12:15:00,27.89459812693752,70.10643078059876,1002.0685677243877,0,Normal
AWS001,2026-01-05 12:30:00,27.817785667518127,71.7072103126211,1002.3022461791139,0,Normal
AWS001,2026-01-05 12:45:00,26.85909598007115,73.35022475597434,1002.0380899116482,0,Normal
AWS001,2026-01-05 13:00:00,27.098531947613413,73.50924898726244,1002.189783124601,0,Normal
AWS001,2026-01-05 13:15:00,25.51932262489508,77.23261034357739,1002.7006051974399,0,Normal
AWS001,2026-01-05 13:30:00,25.022546430067393,76.47671391293375,1002.100649241469,0,Normal
AWS001,2026-01-05 13:45:00,25.324048779127345,77.73664703235974,1001.5465716973166,0,Normal
AWS001,2026-01-05 14:00:00,25.153626179575713,78.49432190300115,1003.2548519729763,0,Normal
AWS001,2026-01-05 14:15:00,24.653500702644767,80.09376428152198,1003.1003496337871,0,Normal
AWS001,2026-01-05 14:30:00,23.52045458593173,79.40295377318637,1001.7924087062221,0,Normal
AWS001,2026-01-05 14:45:00,24.008277093594483,77.94493930456724,1002.8116585595919,0,Normal
AWS001,2026-01-05 15:00:00,23.235571512678774,81.20613364542717,1002.2429214516319,0,Normal
AWS001,2026-01-05 15:15:00,23.756830174658155,80.3005617714969,1002.6530888109488,0,Normal
AWS001,2026-01-05 15:30:00,23.386519256691326,81.10737508174391,1002.6947186090864,0,Normal
AWS001,2026-01-05 15:45:00,22.635230411653804,83.35159021267077,1002.4559819298427,0,Normal
AWS001,2026-01-05 16:00:00,22.598300810358698,84.84780566391701,1002.2061933785601,0,Normal
AWS001,2026-01-05 16:15:00,22.19507814204829,83.48499848809442,1002.2770004987221,0,Normal
AWS001,2026-01-05 16:30:00,22.431651166023016,84.32144250656775,1002.1876678353044,0,Normal
AWS001,2026-01-05 16:45:00,22.70047615122986,86.75727435937944,1002.2526371221503,0,Normal
AWS001,2026-01-05 17:00:00,21.81015462373137,84.85001716356886,1002.6570290795735,0,Normal
AWS001,2026-01-05 17:15:00,22.31690692378775,88.61430387731906,1002.354087884815,0,Normal
AWS001,2026-01-05 17:30:00,21.839227784408166,85.71993738905446,1003.0736175076199,0,Normal
AWS001,2026-01-05 17:45:00,21.695697327663442,82.32673970984533,1003.4961065670104,0,Normal
AWS001,2026-01-05 18:00:00,21.957187856018177,86.1300124316568,1002.4816119768489,0,Normal
AWS001,2026-01-05 18:15:00,21.59874953160063,85.53962142590322,1002.9097539213197,0,Normal
AWS001,2026-01-05 18:30:00,21.82987110961826,86.80630205173127,1003.0575603354234,0,Normal
AWS001,2026-01-05 18:45:00,21.63613716054508,85.7215512329534,1003.0606333310087,0,Normal
AWS001,2026-01-05 19:00:00,22.99033509543215,84.28120341836036,1002.8787680224433,0,Normal
AWS001,2026-01-05 19:15:00,22.33252464381805,82.36750458799256,1003.2275292423216,0,Normal
AWS001,2026-01-05 19:30:00,22.176832601735242,83.54465810174025,1003.1119454835369,0,Normal
AWS001,2026-01-05 19:45:00,22.70435551509755,82.1773104416764,1002.2658541818853,0,Normal
AWS001,2026-01-05 20:00:00,22.758916357417036,82.1195958820595,1003.3323555110618,0,Normal
AWS001,2026-01-05 20:15:00,22.922794486371433,83.3549117911691,1003.3537391782171,0,Normal
AWS001,2026-01-05 20:30:00,23.485546638269962,84.40515686089563,1002.5399878857427,0,Normal
AWS001,2026-01-05 20:45:00,23.79196423914504,81.86960440691918,1002.9513548425545,0,Normal
AWS001,2026-01-05 21:00:00,23.545158853836494,78.81277712474547,1003.2840203376153,0,Normal
AWS001,2026-01-05 21:15:00,23.813597813141698,80.55709122883128,1002.8468811079915,0,Normal
AWS001,2026-01-05 21:30:00,24.23741074708701,80.92636866509929,1003.4964190201376,0,Normal
AWS001,2026-01-05 21:45:00,23.745810135988158,77.41887913881496,1004.149465777204,0,Normal
AWS001,2026-01-05 22:00:00,24.393923575120574,77.29897424999064,1002.5813415678039,0,Normal
AWS001,2026-01-05 22:15:00,25.89301756566381,76.65636264537879,1002.2898210354815,0,Normal
AWS001,2026-01-05 22:30:00,26.361886491209955,74.56290401585304,1003.1374634778191,0,Normal
AWS001,2026-01-05 22:45:00,25.971748792358472,75.79401263031322,1003.3507469704906,0,Normal
AWS001,2026-01-05 23:00:00,26.677708514607165,73.70086345362617,1002.8781435827934,0,Normal
AWS001,2026-01-05 23:15:00,26.953958129720643,73.55565349610248,1003.723016700276,0,Normal
AWS001,2026-01-05 23:30:00,28.448395170061772,70.62665461659765,1002.3290908625676,0,Normal
AWS001,2026-01-05 23:45:00,28.055411189192974,70.32485948796702,1003.3460577252445,0,Normal
AWS001,2026-01-06 00:00:00,27.948832963407664,71.08357203674173,1002.6970695896206,0,Normal
AWS001,2026-01-06 00:15:00,28.010202599140673,68.45970333341025,1003.8592873668323,0,Normal
AWS001,2026-01-06 00:30:00,28.140578625217277,70.63255289354933,1003.9946514390132,0,Normal
AWS001,2026-01-06 00:45:00,29.251927386443647,66.4741908913362,1002.6130580747239,0,Normal
AWS001,2026-01-06 01:00:00,29.250373972501404,66.45474141209002,1002.7187982017615,0,Normal
AWS001,2026-01-06 01:15:00,29.359735307979893,66.57729426826222,1003.4197596614175,0,Normal
AWS001,2026-01-06 01:30:00,30.037471440493533,62.13219991512409,1002.7919888551219,0,Normal
AWS001,2026-01-06 01:45:00,30.22111293986823,60.72445642874387,1002.9576377280922,0,Normal
AWS001,2026-01-06 02:00:00,31.674856654029014,60.21151552814488,1002.9870287943926,0,Normal
AWS001,2026-01-06 02:15:00,31.686077300897377,63.56032265984678,1002.0076929517955,0,Normal
AWS001,2026-01-06 02:30:00,31.64937951752567,60.04079134603053,1002.9530111232076,0,Normal
AWS001,2026-01-06 02:45:00,32.54805254615643,63.94711170200134,1002.6066741307492,0,Normal
AWS001,2026-01-06 03:00:00,32.273588010178315,58.54702688421575,1002.6957944300099,0,Normal
AWS001,2026-01-06 03:15:00,32.16652516434255,58.99922984261091,1003.6542019265651,0,Normal
AWS001,2026-01-06 03:30:00,33.369369672655274,60.41286482448328,1002.2933774906924,0,Normal
AWS001,2026-01-06 03:45:00,33.20438169128914,60.537095147700484,1003.3166963529577,0,Normal
AWS001,2026-01-06 04:00:00,32.781253960976045,60.10187430818804,1002.7582960137013,0,Normal
AWS001,2026-01-06 04:15:00,33.30510097796269,58.35945822289939,1002.744805308801,0,Normal
AWS001,2026-01-06 04:30:00,33.193029893713806,57.677900801047926,1003.2660069552225,0,Normal
AWS001,2026-01-06 04:45:00,33.12846088458489,56.6848384813752,1003.0262136804262,0,Normal
AWS001,2026-01-06 05:00:00,58.0,56.67865421991394,1003.1260968870951,1,Temperature Spike
AWS001,2026-01-06 05:15:00,58.0,54.46144221945874,1003.3087245258155,1,Temperature Spike
AWS001,2026-01-06 05:30:00,58.0,53.90102875425938,1002.6420635886803,1,Temperature Spike
AWS001,2026-01-06 05:45:00,34.212341234107846,55.02705446530452,1002.4839333037982,0,Normal
AWS001,2026-01-06 06:00:00,33.739742972351266,54.74472306621261,1002.229063334255,0,Normal
AWS001,2026-01-06 06:15:00,33.79230338592575,54.35227407743003,1002.339778224353,0,Normal
AWS001,2026-01-06 06:30:00,33.71171159854732,56.17290825057791,1004.2071386874179,0,Normal
AWS001,2026-01-06 06:45:00,33.53911537454746,56.72117860680731,1003.3343076697388,0,Normal
AWS001,2026-01-06 07:00:00,33.81496360891234,55.643722935101756,1002.0150810414941,0,Normal
AWS001,2026-01-06 07:15:00,33.349200730406224,58.0123431791563,1002.0073192478937,0,Normal
AWS001,2026-01-06 07:30:00,33.65145992537966,54.42927334113044,1002.8866968239042,0,Normal
AWS001,2026-01-06 07:45:00,33.36114120541649,56.256419688090055,1002.8959034235693,0,Normal
AWS001,2026-01-06 08:00:00,33.10057320396008,55.93438546232918,1002.8725181290121,0,Normal
AWS001,2026-01-06 08:15:00,32.62579220899864,54.728150889852216,1002.445707933224,0,Normal
AWS001,2026-01-06 08:30:00,32.529411509520074,57.975678866867426,1002.4848794145782,0,Normal
AWS001,2026-01-06 08:45:00,32.813195335204156,58.53978162524044,1002.685284965363,0,Normal
AWS001,2026-01-06 09:00:00,32.44300756216904,61.66357289706496,1002.5373553400543,0,Normal
AWS001,2026-01-06 09:15:00,31.56505279268099,61.05603030033113,1001.3571544705956,0,Normal
AWS001,2026-01-06 09:30:00,31.69230149622404,59.33229832837532,1002.3236402384873,0,Normal
AWS001,2026-01-06 09:45:00,31.633976247466343,64.44758535420722,1001.9839193773117,0,Normal
AWS001,2026-01-06 10:00:00,30.332237887551454,64.33155054328802,1002.4676657303279,0,Normal
AWS001,2026-01-06 10:15:00,30.871076218265976,64.23881620191793,1003.8424897489876,0,Normal
AWS001,2026-01-06 10:30:00,30.03105109061222,63.92002236624886,1002.5027721928253,0,Normal
AWS001,2026-01-06 10:45:00,30.15687625925624,63.73924916536733,1002.1308167686329,0,Normal
AWS001,2026-01-06 11:00:00,29.247610607998112,65.55940415935561,1002.7164201734255,0,Normal
AWS001,2026-01-06 11:15:00,28.44858909183099,68.70676809931429,1002.4641973196696,0,Normal
AWS001,2026-01-06 11:30:00,28.132140178167056,70.86898657560111,1002.3996394633194,0,Normal
AWS001,2026-01-06 11:45:00,28.41165275404541,71.33381835395615,1002.459170149947,0,Normal
AWS001,2026-01-06 12:00:00,28.10388900068858,69.26672586732062,1003.1495921259744,0,Normal
AWS001,2026-01-06 12:15:00,27.245854574577393,69.30162078851859,1001.5208836873659,0,Normal
AWS001,2026-01-06 12:30:00,27.472279830190644,72.16922225366757,1002.2875929444743,0,Normal
AWS001,2026-01-06 12:45:00,26.16485004299568,70.27369578189757,1001.5514862995502,0,Normal
AWS001,2026-01-06 13:00:00,26.42065380992597,74.36703724781493,1002.2557937684713,0,Normal
AWS001,2026-01-06 13:15:00,25.586956728276053,74.6001881000994,1001.4815252018615,0,Normal
AWS001,2026-01-06 13:30:00,25.44316496268859,75.041196732674,1001.6944964456884,0,Normal
AWS001,2026-01-06 13:45:00,25.36522732721254,74.24227575238487,1001.7174367629913,0,Normal
AWS001,2026-01-06 14:00:00,24.65583465388643,78.27040015985455,1002.3141926466985,0,Normal
AWS001,2026-01-06 14:15:00,24.512756384190453,77.53450223580117,1002.2463251354485,0,Normal
AWS001,2026-01-06 14:30:00,24.749948549633473,77.37654618156533,1001.1245744023802,0,Normal
AWS001,2026-01-06 14:45:00,23.81316836159034,75.58179390657853,1001.7347674931366,0,Normal
AWS001,2026-01-06 15:00:00,24.091636157706773,80.56532936022226,1001.3119207716843,0,Normal
AWS001,2026-01-06 15:15:00,23.037078413263078,83.9359745071893,1000.9964222863866,0,Normal
AWS001,2026-01-06 15:30:00,23.451801629418714,84.3921889261903,1001.4756950267389,0,Normal
AWS001,2026-01-06 15:45:00,23.58780977444789,81.78639979965875,1001.3880668383517,0,Normal
AWS001,2026-01-06 16:00:00,21.81518977724245,82.08706296622391,1002.7133582431727,0,Normal
AWS001,2026-01-06 16:15:00,22.30000544861569,84.15625250710283,1001.6737700938294,0,Normal
AWS001,2026-01-06 16:30:00,22.687551655804498,82.36061482888687,1000.7253814601008,0,Normal
AWS001,2026-01-06 16:45:00,22.23720106861217,84.65663979215579,1001.0883246248059,0,Normal
AWS001,2026-01-06 17:00:00,22.35290339161411,85.63800781191307,1001.8375577183717,0,Normal
AWS001,2026-01-06 17:15:00,21.87369424289429,86.55217904187491,1002.3268866667258,0,Normal
AWS001,2026-01-06 17:30:00,22.085966746746298,84.72144180588722,1000.4451294332943,0,Normal
AWS001,2026-01-06 17:45:00,21.95057556641155,84.6623732233136,1000.2532832310116,0,Normal
AWS001,2026-01-06 18:00:00,22.46711282466392,83.68302611986516,1002.0835328847812,0,Normal
AWS001,2026-01-06 18:15:00,22.114614797888866,83.72756331751926,1001.2973548984696,0,Normal
AWS001,2026-01-06 18:30:00,22.186371896587218,84.53195458275486,1000.6226037778255,0,Normal
AWS001,2026-01-06 18:45:00,21.950537531131634,85.26282746627271,1001.2779841032378,0,Normal
AWS001,2026-01-06 19:00:00,22.00940255263659,85.8592643336859,999.6464445264011,0,Normal
AWS001,2026-01-06 19:15:00,22.145395947901516,82.99918351640606,1000.9193968135883,0,Normal
AWS001,2026-01-06 19:30:00,22.61450366188359,86.09722584110861,1001.034764618185,0,Normal
AWS001,2026-01-06 19:45:00,22.45036975847576,83.0464057214265,1001.2859009243238,0,Normal
AWS001,2026-01-06 20:00:00,22.919757520051935,82.95833011524392,1000.2695091591612,0,Normal
AWS001,2026-01-06 20:15:00,23.84134264564291,81.35122666581643,1000.7717841204114,0,Normal
AWS001,2026-01-06 20:30:00,23.588329839625256,78.26393971395915,1000.2185164760733,0,Normal
AWS001,2026-01-06 20:45:00,23.358551742258996,82.60366520672623,1000.7610265349141,0,Normal
AWS001,2026-01-06 21:00:00,24.237844881746266,81.71186756343693,1000.1375978048669,0,Normal
AWS001,2026-01-06 21:15:00,23.88069496019095,79.46819589082375,1000.3330001642498,0,Normal
AWS001,2026-01-06 21:30:00,23.532181611876528,79.23190751096814,999.9907787227886,0,Normal
AWS001,2026-01-06 21:45:00,24.263344077515427,79.10746232185018,1000.7657595442779,0,Normal
AWS001,2026-01-06 22:00:00,24.251683231589674,75.15618121467016,1000.8208041349885,0,Normal
AWS001,2026-01-06 22:15:00,25.205662465069455,75.84075133726562,1000.2255506099219,0,Normal
AWS001,2026-01-06 22:30:00,25.71126675748528,76.93164850490909,1000.3131704184688,0,Normal
AWS001,2026-01-06 22:45:00,26.741938133091114,72.94015784479362,999.5208675150843,0,Normal
AWS001,2026-01-06 23:00:00,26.577856678890523,74.3226225747878,1000.046371063687,0,Normal
AWS001,2026-01-06 23:15:00,26.74181785637968,70.89148212330683,1000.1221007144613,0,Normal
AWS001,2026-01-06 23:30:00,27.54860507915309,72.65753785695105,1001.4085537939803,0,Normal
AWS001,2026-01-06 23:45:00,26.72312710101597,70.92758471500596,999.4931016819924,0,Normal
AWS001,2026-01-07 00:00:00,28.09424582324342,67.57730227614176,1000.7320886193762,0,Normal
AWS001,2026-01-07 00:15:00,28.70076485293565,70.7660620932336,1000.4493441918535,0,Normal
AWS001,2026-01-07 00:30:00,28.19172265500835,66.94021975150221,1000.0421609537798,0,Normal
AWS001,2026-01-07 00:45:00,29.62804354937953,65.85826651423653,1000.7321072191153,0,Normal
AWS001,2026-01-07 01:00:00,29.68831283361289,66.4185681193086,999.989843348613,0,Normal
AWS001,2026-01-07 01:15:00,29.76252162625866,66.90136404459562,999.9494163754329,0,Normal
AWS001,2026-01-07 01:30:00,30.549213340633038,62.7360157860561,999.6793882525026,0,Normal
AWS001,2026-01-07 01:45:00,31.562009284435764,63.45818942148695,1000.2689235463088,0,Normal
AWS001,2026-01-07 02:00:00,31.07274650202337,63.14322475049593,1000.1566560402454,0,Normal
AWS001,2026-01-07 02:15:00,31.43270963263773,62.706104915600726,999.2469699328858,0,Normal
AWS001,2026-01-07 02:30:00,31.46882421423622,61.13324089778505,998.8516899825169,0,Normal
AWS001,2026-01-07 02:45:00,31.616137142814498,59.55927101487398,999.3614590974722,0,Normal
AWS001,2026-01-07 03:00:00,32.574775013736996,58.15201295122868,999.0147097517528,0,Normal
AWS001,2026-01-07 03:15:00,32.16860531451031,58.851618712384926,999.3349030556154,0,Normal
AWS001,2026-01-07 03:30:00,32.78874653663517,56.49149137765306,999.937490278239,0,Normal
AWS001,2026-01-07 03:45:00,32.797754695109205,53.145930090219956,999.0424086327467,0,Normal
AWS001,2026-01-07 04:00:00,33.38774435300518,57.66445864946994,999.2021311740367,0,Normal
AWS001,2026-01-07 04:15:00,33.51470129131091,57.90281113863897,999.2052455128494,0,Normal
AWS001,2026-01-07 04:30:00,33.95829317277088,52.59740835901793,999.5533614093392,0,Normal
AWS001,2026-01-07 04:45:00,33.477574217428725,54.28145200050852,997.958846272718,0,Normal
AWS001,2026-01-07 05:00:00,33.687604983617064,56.43984399717178,998.7323314567079,0,Normal
AWS001,2026-01-07 05:15:00,33.493206196106456,58.374463998519104,999.0949722859631,0,Normal
AWS001,2026-01-07 05:30:00,33.770951864212414,55.15951764090596,999.5432893344497,0,Normal
AWS001,2026-01-07 05:45:00,34.13807373664956,53.94011173957725,998.6515009664628,0,Normal
AWS001,2026-01-07 06:00:00,34.13807373664956,54.72565533834274,997.9136733498838,1,Frozen Sensor
AWS001,2026-01-07 06:15:00,34.13807373664956,57.09443078014323,999.116610299402,1,Frozen Sensor
AWS001,2026-01-07 06:30:00,34.13807373664956,54.15938081070604,998.444197716174,1,Frozen Sensor
AWS001,2026-01-07 06:45:00,34.13807373664956,54.08943278397616,998.122501390164,1,Frozen Sensor
AWS001,2026-01-07 07:00:00,34.13807373664956,54.7869973223909,998.3609612344864,1,Frozen Sensor
AWS001,2026-01-07 07:15:00,34.13807373664956,54.366055145185335,998.5370256942807,1,Frozen Sensor
AWS001,2026-01-07 07:30:00,34.13807373664956,56.32581248632289,998.283437457253,1,Frozen Sensor
AWS001,2026-01-07 07:45:00,34.13807373664956,58.983926564714025,997.4399267903015,1,Frozen Sensor
AWS001,2026-01-07 08:00:00,34.13807373664956,57.49423785290743,998.9485330984436,1,Frozen Sensor
AWS001,2026-01-07 08:15:00,34.13807373664956,57.14942556227238,999.0951292880596,1,Frozen Sensor
AWS001,2026-01-07 08:30:00,34.13807373664956,57.66198299225816,998.7415574437186,1,Frozen Sensor
AWS001,2026-01-07 08:45:00,34.13807373664956,56.37761667477031,997.8054824230634,1,Frozen Sensor
AWS001,2026-01-07 09:00:00,34.13807373664956,60.7180629479225,998.2325435339674,1,Frozen Sensor
AWS001,2026-01-07 09:15:00,34.13807373664956,59.99305697797976,998.2894389047485,1,Frozen Sensor
AWS001,2026-01-07 09:30:00,34.13807373664956,60.59785869448327,998.5519641041775,1,Frozen Sensor
AWS001,2026-01-07 09:45:00,34.13807373664956,66.45610785647322,998.5470723308817,1,Frozen Sensor
AWS001,2026-01-07 10:00:00,34.13807373664956,62.948129362548514,997.8066288135846,1,Frozen Sensor
AWS001,2026-01-07 10:15:00,34.13807373664956,62.237983071572124,998.1760160580966,1,Frozen Sensor
AWS001,2026-01-07 10:30:00,34.13807373664956,63.62021212021529,998.3254603498167,1,Frozen Sensor
AWS001,2026-01-07 10:45:00,34.13807373664956,66.90107658424769,998.7870427034688,1,Frozen Sensor
AWS001,2026-01-07 11:00:00,29.236724488436998,66.28761993926884,998.3742158246122,0,Normal
AWS001,2026-01-07 11:15:00,29.35912927495115,64.91622820228206,998.3798514791467,0,Normal
AWS001,2026-01-07 11:30:00,29.53596695191034,69.420950518562,997.9911364078961,0,Normal
AWS001,2026-01-07 11:45:00,28.930586793842853,68.01673693323936,998.6189016675729,0,Normal
AWS001,2026-01-07 12:00:00,28.63727465065579,72.80994666432625,998.0835610544201,0,Normal
AWS001,2026-01-07 12:15:00,27.403094954046686,72.60111903702406,997.4137111915741,0,Normal
AWS001,2026-01-07 12:30:00,26.821000918576264,71.28691003981262,998.5120927669691,0,Normal
AWS001,2026-01-07 12:45:00,26.779143299863364,74.84787937284462,998.1260982602046,0,Normal
AWS001,2026-01-07 13:00:00,26.46937569430037,73.98406894232886,997.5229585669988,0,Normal
AWS001,2026-01-07 13:15:00,26.50903981556942,76.10075249223074,997.4726719045813,0,Normal
AWS001,2026-01-07 13:30:00,25.02691355392353,76.46735071141806,997.8292564124822,0,Normal
AWS001,2026-01-07 13:45:00,25.95808798647026,75.36479537079866,997.8817321499479,0,Normal
AWS001,2026-01-07 14:00:00,24.936796840568416,76.53467525152378,997.7185861119419,0,Normal
AWS001,2026-01-07 14:15:00,24.495826173903417,79.87849472166579,997.7460317422796,0,Normal
AWS001,2026-01-07 14:30:00,23.9425896758436,78.62925843697101,998.4114386335133,0,Normal
AWS001,2026-01-07 14:45:00,23.381982440653292,79.284714531638,998.0689669191481,0,Normal
AWS001,2026-01-07 15:00:00,24.086627546465483,79.17391784877418,997.6009089587249,0,Normal
AWS001,2026-01-07 15:15:00,23.51828834200152,81.9129957105748,997.9493100871005,0,Normal
AWS001,2026-01-07 15:30:00,22.72389559835618,84.99408748323322,996.9361315036565,0,Normal
AWS001,2026-01-07 15:45:00,22.493150817359286,80.87074481315675,997.6257776949725,0,Normal
AWS001,2026-01-07 16:00:00,22.669533697577318,83.02671024177572,998.3065769635132,0,Normal
AWS001,2026-01-07 16:15:00,23.28637216091962,85.57142195611348,997.2687060274235,0,Normal
AWS001,2026-01-07 16:30:00,22.352886264386843,83.73873090080072,996.9304192426454,0,Normal
AWS001,2026-01-07 16:45:00,21.717162041782125,84.88250963680119,997.005407329438,0,Normal
AWS001,2026-01-07 17:00:00,22.106147816631218,82.89529710211569,996.7645652567307,0,Normal
AWS001,2026-01-07 17:15:00,22.006198889681553,85.35423985185992,996.8956511665658,0,Normal
AWS001,2026-01-07 17:30:00,20.97257617458051,84.59095652310033,997.0821544759414,0,Normal
AWS001,2026-01-07 17:45:00,21.991128513961254,86.44647884209884,996.5447330010683,0,Normal
AWS001,2026-01-07 18:00:00,21.907626187916527,86.78107907734713,997.2361705694409,0,Normal
AWS001,2026-01-07 18:15:00,22.291329006493747,88.85222931160698,997.6610869158412,0,Normal
AWS001,2026-01-07 18:30:00,22.790913269735274,85.74112268042754,996.7384041296546,0,Normal
AWS001,2026-01-07 18:45:00,22.565914329399718,85.20047368092173,997.9350097662718,0,Normal
AWS001,2026-01-07 19:00:00,22.096889566043654,84.78046384670203,997.4146056557785,0,Normal
AWS001,2026-01-07 19:15:00,21.875808859532697,83.67420250321055,997.6591022596702,0,Normal
AWS001,2026-01-07 19:30:00,23.486066726232227,84.36591875286182,996.8002617158774,0,Normal
AWS001,2026-01-07 19:45:00,22.64245092440966,83.0099890077818,997.5425772204844,0,Normal
AWS001,2026-01-07 20:00:00,22.809419294058525,83.24307252117106,996.5562555709351,0,Normal
AWS001,2026-01-07 20:15:00,23.001532291340734,84.44844048795011,997.5350299908346,0,Normal
AWS001,2026-01-07 20:30:00,23.319113862559718,80.3904862564491,997.1642887320647,0,Normal
AWS001,2026-01-07 20:45:00,23.431216990356553,82.98741495387824,997.3442396851617,0,Normal
AWS001,2026-01-07 21:00:00,23.527894510128593,82.58227431880806,996.4698468559778,0,Normal
AWS001,2026-01-07 21:15:00,23.825181532903446,79.71308443601438,996.6009270610805,0,Normal
AWS001,2026-01-07 21:30:00,24.33433011786127,75.94863908661794,997.338684112872,0,Normal
AWS001,2026-01-07 21:45:00,24.449208693428847,77.42182051465247,996.5582964679935,0,Normal
AWS001,2026-01-07 22:00:00,24.714861686929147,79.44549181984164,997.2572685619282,0,Normal
AWS001,2026-01-07 22:15:00,25.38883994976274,76.60002825983673,996.3360877597115,0,Normal
AWS001,2026-01-07 22:30:00,25.601908518841118,74.24129813703398,997.4385329263167,0,Normal
AWS001,2026-01-07 22:45:00,26.672960403614077,74.06442959770519,996.3937726246882,0,Normal
AWS001,2026-01-07 23:00:00,25.386697806027694,75.14321571629458,997.2825731991239,0,Normal
AWS001,2026-01-07 23:15:00,27.26606080867221,73.746455182544,997.3164290982075,0,Normal
AWS001,2026-01-07 23:30:00,27.715276923678704,71.59949473454631,996.653220328356,0,Normal
AWS001,2026-01-07 23:45:00,26.77822513165586,70.43081032073017,997.2914148698137,0,Normal
AWS001,2026-01-08 00:00:00,27.86292496236785,69.41236277643429,997.1302211316668,0,Normal
AWS001,2026-01-08 00:15:00,28.243842428982543,67.6353377848001,996.730980658175,0,Normal
AWS001,2026-01-08 00:30:00,28.220152475433153,70.46517065090346,996.4973288955327,0,Normal
AWS001,2026-01-08 00:45:00,28.859415257060448,66.590164465941,996.0223007855482,0,Normal
AWS001,2026-01-08 01:00:00,29.10868393242879,67.94345210470044,997.1812482539341,0,Normal
AWS001,2026-01-08 01:15:00,30.629544969188387,67.46038209833632,996.2276328963914,0,Normal
AWS001,2026-01-08 01:30:00,30.670371951449503,65.75721486174564,997.0621179197041,0,Normal
AWS001,2026-01-08 01:45:00,31.162354179311667,62.71823917763792,996.8879325549005,0,Normal
AWS001,2026-01-08 02:00:00,31.2886688256173,63.1055951355049,997.3652368035977,0,Normal
AWS001,2026-01-08 02:15:00,30.8818006896307,61.630153095119645,996.8814477203607,0,Normal
AWS001,2026-01-08 02:30:00,31.44276046754037,59.5130257737741,996.8753461105717,0,Normal
AWS001,2026-01-08 02:45:00,32.151824715091585,60.59635169608136,997.4143973343629,0,Normal
AWS001,2026-01-08 03:00:00,31.753789563562485,57.62483859546213,997.2251731733323,0,Normal
AWS001,2026-01-08 03:15:00,32.796238216942804,60.50392197050771,997.2256920537607,0,Normal
AWS001,2026-01-08 03:30:00,32.66398988248416,57.40277394968388,997.3130028570723,0,Normal
AWS001,2026-01-08 03:45:00,32.83888935079544,57.829695299271066,996.3221201788127,0,Normal
AWS001,2026-01-08 04:00:00,33.48053640998802,57.43455075055265,997.4806168611264,0,Normal
AWS001,2026-01-08 04:15:00,33.55894177379052,56.15855141645361,997.4215490039579,0,Normal
AWS001,2026-01-08 04:30:00,33.39889072874009,57.0218477145436,996.6208374285152,0,Normal
AWS001,2026-01-08 04:45:00,34.145312698316324,55.08369257263964,997.0217717300212,0,Normal
AWS001,2026-01-08 05:00:00,33.36312962669445,56.818058551849845,997.1395559677009,0,Normal
AWS001,2026-01-08 05:15:00,34.131085925197084,53.26925127358144,997.1081194122501,0,Normal
AWS001,2026-01-08 05:30:00,34.18590967143022,55.31789644871246,997.3592122030122,0,Normal
AWS001,2026-01-08 05:45:00,33.86333496370602,57.94050965000838,997.9256317198635,0,Normal
AWS001,2026-01-08 06:00:00,34.130453208896846,53.49950301309164,997.7692447663026,0,Normal
AWS001,2026-01-08 06:15:00,33.486708108877494,54.015498695633674,996.5914069139418,0,Normal
AWS001,2026-01-08 06:30:00,34.31827997592563,55.89918885388121,997.5784435203894,0,Normal
AWS001,2026-01-08 06:45:00,33.81075082784219,55.557593466860936,997.9524987803974,0,Normal
AWS001,2026-01-08 07:00:00,33.81075082784219,56.03705775457429,997.5027860357465,1,Sensor Drift
AWS001,2026-01-08 07:15:00,34.31075082784219,56.52982875279493,997.8769419863274,1,Sensor Drift
AWS001,2026-01-08 07:30:00,34.81075082784219,57.09388921517334,998.3603714298054,1,Sensor Drift
AWS001,2026-01-08 07:45:00,35.31075082784219,58.21145863994397,997.8895837481732,1,Sensor Drift
AWS001,2026-01-08 08:00:00,35.81075082784219,57.62434692862616,997.5265780864675,1,Sensor Drift
AWS001,2026-01-08 08:15:00,36.31075082784219,57.166069333534,997.9493584070415,1,Sensor Drift
AWS001,2026-01-08 08:30:00,36.81075082784219,59.10856044743557,997.5248373719687,1,Sensor Drift
AWS001,2026-01-08 08:45:00,37.31075082784219,61.572225790158114,997.4906063183591,1,Sensor Drift
AWS001,2026-01-08 09:00:00,37.81075082784219,59.19444766262798,997.3298840452355,1,Sensor Drift
AWS001,2026-01-08 09:15:00,38.31075082784219,58.648018816493,998.3149020224467,1,Sensor Drift
AWS001,2026-01-08 09:30:00,38.81075082784219,62.529199568799584,997.1522456132541,1,Sensor Drift
AWS001,2026-01-08 09:45:00,39.31075082784219,61.48587475877552,998.3565612678972,1,Sensor Drift
AWS001,2026-01-08 10:00:00,39.81075082784219,59.24099568097893,997.8698720409965,1,Sensor Drift
AWS001,2026-01-08 10:15:00,40.31075082784219,64.63680216244062,996.9504866649131,1,Sensor Drift
AWS001,2026-01-08 10:30:00,40.81075082784219,63.45675623559271,997.8647932864076,1,Sensor Drift
AWS001,2026-01-08 10:45:00,41.31075082784219,65.0426080969964,996.6624051344551,1,Sensor Drift
AWS001,2026-01-08 11:00:00,41.81075082784219,66.61568481931572,998.0572345859786,1,Sensor Drift
AWS001,2026-01-08 11:15:00,42.31075082784219,67.35939468942661,998.2197623654296,1,Sensor Drift
AWS001,2026-01-08 11:30:00,42.81075082784219,69.10628484240775,997.5142298040805,1,Sensor Drift
AWS001,2026-01-08 11:45:00,43.31075082784219,68.36572350569308,997.9060289946386,1,Sensor Drift
AWS001,2026-01-08 12:00:00,28.12312070755681,70.76965869726415,998.8557583733154,0,Normal
AWS001,2026-01-08 12:15:00,26.923513867556508,70.59172692207622,997.6607987428401,0,Normal
AWS001,2026-01-08 12:30:00,26.677568677837453,73.0661086046319,997.4197693004031,0,Normal
AWS001,2026-01-08 12:45:00,27.12676370551231,73.84940605626151,998.7261548366903,0,Normal
AWS001,2026-01-08 13:00:00,26.515431904636074,72.47912762347086,999.0032561499652,0,Normal
AWS001,2026-01-08 13:15:00,25.997769873639967,76.45056515380995,998.0609793783194,0,Normal
AWS001,2026-01-08 13:30:00,25.711272979035616,74.93630631780528,998.6025516652132,0,Normal
AWS001,2026-01-08 13:45:00,25.48530054083065,77.84641705070676,998.8057562376553,0,Normal
AWS001,2026-01-08 14:00:00,24.78409612787627,78.05093097010199,997.8024735967047,0,Normal
AWS001,2026-01-08 14:15:00,24.3552567117215,81.09082901048663,997.9702491688388,0,Normal
AWS001,2026-01-08 14:30:00,24.42576952798674,78.79622246157305,998.868004165974,0,Normal
AWS001,2026-01-08 14:45:00,23.65257599835359,79.3662120323237,999.1352067017175,0,Normal
AWS001,2026-01-08 15:00:00,23.92066041516651,80.5774723089666,998.6147297310283,0,Normal
AWS001,2026-01-08 15:15:00,22.807927713431024,80.8228274379332,997.9344180815247,0,Normal
AWS001,2026-01-08 15:30:00,23.651542213182832,83.10021295728163,999.4093270038986,0,Normal
AWS001,2026-01-08 15:45:00,23.20022131914995,80.04757827188328,998.1922063185143,0,Normal
AWS001,2026-01-08 16:00:00,22.906259471018938,81.40985742804699,998.3324311094143,0,Normal
AWS001,2026-01-08 16:15:00,23.011839944382068,81.85138674062155,998.7138787360958,0,Normal
AWS001,2026-01-08 16:30:00,23.122912582717316,85.28365437562965,999.3628899998795,0,Normal
AWS001,2026-01-08 16:45:00,22.72416724903662,86.76987200129948,999.0562763613848,0,Normal
AWS001,2026-01-08 17:00:00,21.468095349732938,84.3322135665298,998.8805666795239,0,Normal
AWS001,2026-01-08 17:15:00,21.603457530886335,84.45854662126347,998.9489789847681,0,Normal
AWS001,2026-01-08 17:30:00,21.801403400678865,84.97675116527692,998.7836362449085,0,Normal
AWS001,2026-01-08 17:45:00,22.023282880652715,86.71070130249133,999.0858243336781,0,Normal
AWS001,2026-01-08 18:00:00,22.20706360818765,83.60897029871414,997.5871696640576,0,Normal
AWS001,2026-01-08 18:15:00,21.722548935306992,85.32543732268122,998.749148460681,0,Normal
AWS001,2026-01-08 18:30:00,22.12603753754797,86.3344693652808,999.0639108236948,0,Normal
AWS001,2026-01-08 18:45:00,21.813135144639286,85.46342046095825,998.4138233980136,0,Normal
AWS001,2026-01-08 19:00:00,21.959837921068818,84.77325981923411,999.2288432629963,0,Normal
AWS001,2026-01-08 19:15:00,21.755754784290076,85.7055210812773,998.9800553292173,0,Normal
AWS001,2026-01-08 19:30:00,22.087429506487908,79.80334454817047,1000.0068838173943,0,Normal
AWS001,2026-01-08 19:45:00,22.07808970855733,84.4699041022867,999.9627440080526,0,Normal
AWS001,2026-01-08 20:00:00,22.413498276102434,82.00926753207544,998.9906400801334,0,Normal
AWS001,2026-01-08 20:15:00,23.43263904482787,79.72609483925348,999.1956406045068,0,Normal
AWS001,2026-01-08 20:30:00,22.860120402719797,82.66710400365602,999.2817974280927,0,Normal
AWS001,2026-01-08 20:45:00,24.541913981061057,83.33808492992918,999.1408356048432,0,Normal
AWS001,2026-01-08 21:00:00,23.95468647323307,80.40042894585667,999.5122415259657,0,Normal
AWS001,2026-01-08 21:15:00,24.117859558877516,81.3194990473055,999.0838083817263,0,Normal
AWS001,2026-01-08 21:30:00,24.00408831387518,81.5498388221138,998.9460059123475,0,Normal
AWS001,2026-01-08 21:45:00,24.94670255364598,80.30592517567011,999.8711641885841,0,Normal
AWS001,2026-01-08 22:00:00,24.7697448695049,79.95994679405706,999.9231862154506,0,Normal
AWS001,2026-01-08 22:15:00,25.395071784544122,77.74752158989288,999.2549812252694,0,Normal
AWS001,2026-01-08 22:30:00,26.72793322111694,75.85340194382884,1000.1536262943926,0,Normal
AWS001,2026-01-08 22:45:00,26.03293924829118,72.41864326170165,999.4390479130163,0,Normal
AWS001,2026-01-08 23:00:00,26.906795059899125,73.51319194434294,999.9303732313285,0,Normal
AWS001,2026-01-08 23:15:00,26.548187497852865,71.66148493726766,1000.262968983324,0,Normal
AWS001,2026-01-08 23:30:00,27.20284745048087,75.2143069595476,999.8850364691829,0,Normal
AWS001,2026-01-08 23:45:00,28.315901478873364,70.71721821980358,1000.1782852611911,0,Normal
AWS001,2026-01-09 00:00:00,27.749213176884883,70.18480721017676,999.7417851780563,0,Normal
AWS001,2026-01-09 00:15:00,29.11739819857959,69.84618112560867,999.9508519031655,0,Normal
AWS001,2026-01-09 00:30:00,29.066257927502516,68.10751078625786,999.9952275330252,0,Normal
AWS001,2026-01-09 00:45:00,28.945555221739045,69.61622173040423,999.7739138497121,0,Normal
AWS001,2026-01-09 01:00:00,29.805877366237333,65.18374028086052,1000.1078223061324,0,Normal
AWS001,2026-01-09 01:15:00,30.31765857166963,65.47031920330852,999.470854072969,0,Normal
AWS001,2026-01-09 01:30:00,30.54482457907744,63.146042635976535,1000.0484745474176,0,Normal
AWS001,2026-01-09 01:45:00,30.02564225335782,61.38563587988394,1000.2004231482157,0,Normal
AWS001,2026-01-09 02:00:00,30.70914512967002,61.58234636364215,1000.2634887004124,0,Normal
AWS001,2026-01-09 02:15:00,31.234413943896993,61.6108913091334,1000.3194427004306,0,Normal
AWS001,2026-01-09 02:30:00,31.6227952024123,60.22462522809332,1000.4578043202537,0,Normal
AWS001,2026-01-09 02:45:00,32.20434372962069,59.071181303688185,1000.776771342873,0,Normal
AWS001,2026-01-09 03:00:00,32.31372108749257,57.28392208669408,1001.0225295031146,0,Normal
AWS001,2026-01-09 03:15:00,31.97690110138984,58.59774452887225,1000.3084520436528,0,Normal
AWS001,2026-01-09 03:30:00,32.9121991821498,55.842619334584974,1000.0796283614085,0,Normal
AWS001,2026-01-09 03:45:00,33.23305197192879,58.66803976099627,1000.2079183335883,0,Normal
AWS001,2026-01-09 04:00:00,33.42006860187904,57.133278572635206,1000.53285567471,0,Normal
AWS001,2026-01-09 04:15:00,33.813548739417975,54.36058162781229,1000.6478051956466,0,Normal
AWS001,2026-01-09 04:30:00,33.87684605688729,55.6779933967559,1000.4858559986646,0,Normal
AWS001,2026-01-09 04:45:00,33.865252808662,54.667813449187555,1000.2696507281647,0,Normal
AWS001,2026-01-09 05:00:00,33.767488673150936,55.98987437129278,1000.7362579821723,0,Normal
AWS001,2026-01-09 05:15:00,33.22032730901299,57.29889646298626,1001.1013828702337,0,Normal
AWS001,2026-01-09 05:30:00,34.120516455895896,52.31556837492424,1001.3542648766814,0,Normal
AWS001,2026-01-09 05:45:00,34.07022861429686,55.20465527014208,1000.82383628323,0,Normal
AWS001,2026-01-09 06:00:00,34.10863153487815,54.75980080665004,1000.9415513860237,0,Normal
AWS001,2026-01-09 06:15:00,33.47645410910349,56.03912626609665,1000.7298962691574,0,Normal
AWS001,2026-01-09 06:30:00,33.51624655207956,55.44812202174937,1001.2224015042258,0,Normal
AWS001,2026-01-09 06:45:00,34.305972823752555,54.16026679634329,1000.8584509631954,0,Normal
AWS001,2026-01-09 07:00:00,33.779732896191746,55.03253170216406,1001.6134299772776,0,Normal
AWS001,2026-01-09 07:15:00,33.95418105591969,54.60200927236816,1000.4777783809243,0,Normal
AWS001,2026-01-09 07:30:00,33.55460454551991,57.755817720228585,1001.2343753742517,0,Normal
AWS001,2026-01-09 07:45:00,33.393138904994444,56.578876350017545,1001.6078438507449,0,Normal
AWS001,2026-01-09 08:00:00,,,,1,Communication Error
AWS001,2026-01-09 08:15:00,,,,1,Communication Error
AWS001,2026-01-09 08:30:00,,,,1,Communication Error
AWS001,2026-01-09 08:45:00,,,,1,Communication Error
AWS001,2026-01-09 09:00:00,,,,1,Communication Error
AWS001,2026-01-09 09:15:00,,,,1,Communication Error
AWS001,2026-01-09 09:30:00,,,,1,Communication Error
AWS001,2026-01-09 09:45:00,,,,1,Communication Error
AWS001,2026-01-09 10:00:00,,,,1,Communication Error
AWS001,2026-01-09 10:15:00,,,,1,Communication Error
AWS001,2026-01-09 10:30:00,30.22135193652602,63.53515693699843,1001.8447968945933,0,Normal
AWS001,2026-01-09 10:45:00,29.752744368509312,65.39859753843088,1001.6230895369024,0,Normal
AWS001,2026-01-09 11:00:00,30.131705424356618,68.53604526584533,1002.8474631212268,0,Normal
AWS001,2026-01-09 11:15:00,29.249163842701428,68.4189041435563,1001.8540554814821,0,Normal
AWS001,2026-01-09 11:30:00,29.19589496910774,67.63931114484053,1002.9670554278082,0,Normal
AWS001,2026-01-09 11:45:00,27.798194626166072,67.68216472342492,1002.4934037860879,0,Normal
AWS001,2026-01-09 12:00:00,28.10682010634774,66.77227689800596,1002.3623537072274,0,Normal
AWS001,2026-01-09 12:15:00,27.96343354286854,69.90231695958846,1002.3401114269979,0,Normal
AWS001,2026-01-09 12:30:00,27.249756442389867,71.64119752505921,1002.3864908672016,0,Normal
AWS001,2026-01-09 12:45:00,27.255650217929364,71.44558553951516,1001.2590170863921,0,Normal
AWS001,2026-01-09 13:00:00,26.24017034934475,73.68540022589929,1002.1160777253615,0,Normal
AWS001,2026-01-09 13:15:00,26.635102184255317,74.93686980398545,1002.7101605973113,0,Normal
AWS001,2026-01-09 13:30:00,26.62345865525716,75.40296751276423,1002.2945827683511,0,Normal
AWS001,2026-01-09 13:45:00,25.201132434510157,75.65932648204976,1001.6472653242841,0,Normal
AWS001,2026-01-09 14:00:00,24.821798991439707,77.75298200795007,1002.3538577955849,0,Normal
AWS001,2026-01-09 14:15:00,25.24793239272947,78.99646446964815,1003.2616753525697,0,Normal
AWS001,2026-01-09 14:30:00,24.979260284239952,77.49582281896656,1003.0619859115423,0,Normal
AWS001,2026-01-09 14:45:00,23.834781098538294,82.0065857961204,1002.4358026522863,0,Normal
AWS001,2026-01-09 15:00:00,23.58928458604241,80.45871951937174,1002.9701334754367,0,Normal
AWS001,2026-01-09 15:15:00,23.37624731158193,81.30587154660194,1002.3380916930993,0,Normal
AWS001,2026-01-09 15:30:00,22.702099753838894,82.96262173925332,1001.6956707511664,0,Normal
AWS001,2026-01-09 15:45:00,22.643721547591056,82.82186838143342,1002.1109528359361,0,Normal
AWS001,2026-01-09 16:00:00,22.402191270592542,84.42008600763644,1003.3795205956075,0,Normal
AWS001,2026-01-09 16:15:00,22.31164452476221,83.88377737079308,1002.4852744839657,0,Normal
AWS001,2026-01-09 16:30:00,22.442848849977572,82.93953692570862,1002.5240718033575,0,Normal
AWS001,2026-01-09 16:45:00,22.41210511604399,84.74620723023571,1002.5186291281282,0,Normal
AWS001,2026-01-09 17:00:00,22.824645239391216,82.77329808335504,1003.6426865193846,0,Normal
AWS001,2026-01-09 17:15:00,21.715946701285105,84.87461876471323,1003.5249473370515,0,Normal
AWS001,2026-01-09 17:30:00,22.44505979114777,84.82182793464047,1003.8419815914876,0,Normal
AWS001,2026-01-09 17:45:00,21.92725092287818,84.65570856267024,1002.6729608841424,0,Normal
AWS001,2026-01-09 18:00:00,21.98021451613903,84.8071937328416,1002.9194508419074,0,Normal
AWS001,2026-01-09 18:15:00,22.282774257435022,82.14511028033259,1002.0317303963417,0,Normal
AWS001,2026-01-09 18:30:00,21.602242023132217,84.04858555899573,1003.5461849933312,0,Normal
AWS001,2026-01-09 18:45:00,22.26825221605424,84.85104655776011,1002.240742419915,0,Normal
AWS001,2026-01-09 19:00:00,22.27102592555081,84.72867198233213,1002.9491781703666,0,Normal
AWS001,2026-01-09 19:15:00,22.515399728632627,82.66243923103765,1002.3075367693253,0,Normal
AWS001,2026-01-09 19:30:00,22.572390262495396,85.75675474896637,1002.5763875938272,0,Normal
AWS001,2026-01-09 19:45:00,23.60088360676824,82.15382885066855,1002.466054177524,0,Normal
AWS001,2026-01-09 20:00:00,22.54875158359284,84.44456685755668,1002.5938398485292,0,Normal
AWS001,2026-01-09 20:15:00,22.798783544183983,83.11283572734577,1002.6405324080092,0,Normal
AWS001,2026-01-09 20:30:00,22.99062374768267,80.93095913960286,1002.6474965403695,0,Normal
AWS001,2026-01-09 20:45:00,23.266770307462025,83.94056345109895,1003.3490528807208,0,Normal
AWS001,2026-01-09 21:00:00,23.502404461958108,78.81614647016349,1002.3899244446785,0,Normal
AWS001,2026-01-09 21:15:00,24.519531721842586,81.26891848691609,1003.0618087312881,0,Normal
AWS001,2026-01-09 21:30:00,24.91563312514364,80.63229491219523,1003.5689095724075,0,Normal
AWS001,2026-01-09 21:45:00,24.438280084382594,77.32762318167907,1002.7109313476377,0,Normal
AWS001,2026-01-09 22:00:00,24.66705777075828,79.58869795009656,1002.6153751387476,0,Normal
AWS001,2026-01-09 22:15:00,25.53483408124054,76.25926058138664,1002.8650810244682,0,Normal
AWS001,2026-01-09 22:30:00,25.483010188097065,76.17329192939614,1003.5754167841969,0,Normal
AWS001,2026-01-09 22:45:00,26.32453593528324,75.21207473770424,1003.0870195334043,0,Normal
AWS001,2026-01-09 23:00:00,26.52825493772537,73.68082256433205,1002.7279696224119,0,Normal
AWS001,2026-01-09 23:15:00,26.223160421904286,74.14256723998172,1003.2383246942095,0,Normal
AWS001,2026-01-09 23:30:00,27.835844927211717,73.14812596412908,1002.447247687511,0,Normal
AWS001,2026-01-09 23:45:00,28.325932293857324,68.35824897859494,1003.3402781689501,0,Normal
AWS001,2026-01-10 00:00:00,27.754884523806233,71.95651036431725,1003.2043036538508,0,Normal
AWS001,2026-01-10 00:15:00,28.237338151406465,66.52521507949434,1002.8456941781592,0,Normal
AWS001,2026-01-10 00:30:00,28.897503309610283,69.59092642321168,1002.5791008632056,0,Normal
AWS001,2026-01-10 00:45:00,29.304324648091562,68.7637028749995,1002.5530459074738,0,Normal
AWS001,2026-01-10 01:00:00,29.81633197968421,64.48126467813951,1003.2609854378887,0,Normal
AWS001,2026-01-10 01:15:00,30.732718607325516,64.56218658852067,1003.6044559691721,0,Normal
AWS001,2026-01-10 01:30:00,30.2253217031929,62.6011915117948,1002.6669003065022,0,Normal
AWS001,2026-01-10 01:45:00,30.33441324349862,63.043288101281895,1003.2095366888341,0,Normal
AWS001,2026-01-10 02:00:00,30.448272308794156,62.03794857372147,1001.9308210748203,0,Normal
AWS001,2026-01-10 02:15:00,31.041049382140862,62.835937303109944,1002.6752206645658,0,Normal
AWS001,2026-01-10 02:30:00,31.639317784902794,62.83404168404863,1002.9444005298193,0,Normal
AWS001,2026-01-10 02:45:00,32.67389803600749,62.20333848968398,1002.4966963092903,0,Normal
AWS001,2026-01-10 03:00:00,32.03559616750482,58.550146242334314,1002.474102653815,0,Normal
AWS001,2026-01-10 03:15:00,32.60055402552941,58.40857007719857,1002.5984961465962,0,Normal
AWS001,2026-01-10 03:30:00,32.753550883318304,55.574542607300046,1003.0677273019952,0,Normal
AWS001,2026-01-10 03:45:00,33.46417498319449,56.31915071571758,1002.8164292503805,0,Normal
AWS001,2026-01-10 04:00:00,34.206925393056096,58.45689639287958,1001.7786618622047,0,Normal
AWS001,2026-01-10 04:15:00,33.168888940028,58.970283112332034,1001.8243353167314,0,Normal
AWS001,2026-01-10 04:30:00,33.34750141806042,54.29028370451085,1002.567388418268,0,Normal
AWS001,2026-01-10 04:45:00,34.099245127798255,54.90735166884409,1003.0850313261685,0,Normal
AWS001,2026-01-10 05:00:00,34.068311553584934,55.47150397022559,1001.4670379671227,0,Normal
AWS001,2026-01-10 05:15:00,34.6233946127138,55.708462532180945,1002.5747671074732,0,Normal
AWS001,2026-01-10 05:30:00,34.18224044237324,53.91392179951038,1002.5445938520133,0,Normal
AWS001,2026-01-10 05:45:00,33.8434367031168,55.66820771811708,1003.4842205601564,0,Normal
AWS001,2026-01-10 06:00:00,34.236261932276925,54.289240979393625,1002.5791276916774,0,Normal
AWS001,2026-01-10 06:15:00,34.43063497166479,55.01043774510352,1002.9439779817129,0,Normal
AWS001,2026-01-10 06:30:00,34.27686204072181,55.94775345139839,1002.8032200448073,0,Normal
AWS001,2026-01-10 06:45:00,34.0876212948623,55.29785419866794,1001.6466846394668,0,Normal
AWS001,2026-01-10 07:00:00,34.222224833570074,54.856533769874126,1003.074721832914,0,Normal
AWS001,2026-01-10 07:15:00,34.14929901314891,55.63163335168465,1002.7762464789937,0,Normal
AWS001,2026-01-10 07:30:00,34.09614079148275,56.00926257352264,1002.8998981128823,0,Normal
AWS001,2026-01-10 07:45:00,33.640720404231985,55.99189233218649,1004.5853898780985,0,Normal
AWS001,2026-01-10 08:00:00,33.129305190579906,56.62142484923273,1001.5560197416041,0,Normal
AWS001,2026-01-10 08:15:00,33.04750314838861,59.92592657121888,1003.4355341548815,0,Normal
AWS001,2026-01-10 08:30:00,33.24272362835075,58.94107906754333,1002.4038827848796,0,Normal
AWS001,2026-01-10 08:45:00,32.18426457647897,58.27918241077162,1002.6650096554848,0,Normal
AWS001,2026-01-10 09:00:00,44.0,98.0,1018.0,1,Multivariate Inconsistency
AWS001,2026-01-10 09:15:00,44.0,98.0,1018.0,1,Multivariate Inconsistency
AWS001,2026-01-10 09:30:00,44.0,98.0,1018.0,1,Multivariate Inconsistency
AWS001,2026-01-10 09:45:00,44.0,98.0,1018.0,1,Multivariate Inconsistency
AWS001,2026-01-10 10:00:00,31.076439627207968,62.33904678399364,1001.6214731725378,0,Normal
AWS001,2026-01-10 10:15:00,30.672306760576504,64.0372450354303,1002.7251498314467,0,Normal
AWS001,2026-01-10 10:30:00,29.752158137798556,61.903434286420946,1002.1109341576455,0,Normal
AWS001,2026-01-10 10:45:00,30.22713821822987,63.48825681708783,1001.722546942199,0,Normal
AWS001,2026-01-10 11:00:00,29.811107943071598,64.3268268138635,1002.0305129934391,0,Normal
AWS001,2026-01-10 11:15:00,30.03584382141894,67.28805981190366,1002.8514279844962,0,Normal
AWS001,2026-01-10 11:30:00,28.660045859339128,70.64087961592682,1001.9219246745854,0,Normal
AWS001,2026-01-10 11:45:00,28.48007890644644,72.36590328083679,1002.3349716624439,0,Normal
AWS001,2026-01-10 12:00:00,28.099753473484338,70.95707665216105,1001.7558422057019,0,Normal
AWS001,2026-01-10 12:15:00,28.238562536524512,71.73231365086887,1002.4652888299906,0,Normal
AWS001,2026-01-10 12:30:00,27.17872463372492,69.25630628207163,1002.3935307754637,0,Normal
AWS001,2026-01-10 12:45:00,26.941066678211403,72.1123441306408,1002.9389812811893,0,Normal
AWS001,2026-01-10 13:00:00,26.69024433327152,72.70061004867539,1001.8902554725506,0,Normal
AWS001,2026-01-10 13:15:00,26.146006857443588,73.89032058217072,1002.2751958599835,0,Normal
AWS001,2026-01-10 13:30:00,25.52532595998925,75.48803575759916,1001.9522136222604,0,Normal
AWS001,2026-01-10 13:45:00,25.423903855845342,75.92619448673926,1002.5129176110418,0,Normal
AWS001,2026-01-10 14:00:00,25.429452699943887,74.53105028443638,1001.4668680932218,0,Normal
AWS001,2026-01-10 14:15:00,24.25597248211797,79.45541887947033,1002.1596005699159,0,Normal
AWS001,2026-01-10 14:30:00,24.400619295606454,77.52230689652103,1001.6500844425451,0,Normal
AWS001,2026-01-10 14:45:00,23.76387678342393,80.24905752266773,1001.6752063490825,0,Normal
AWS001,2026-01-10 15:00:00,24.23537796445066,83.71772572242315,1001.712586941283,0,Normal
AWS001,2026-01-10 15:15:00,22.879686393212623,79.89852022480503,1001.7517949399377,0,Normal
AWS001,2026-01-10 15:30:00,23.01631121934397,78.10486882024898,1001.5260890303902,0,Normal
AWS001,2026-01-10 15:45:00,23.16206707621057,82.04303785171794,1001.6496648241649,0,Normal
AWS001,2026-01-10 16:00:00,23.430057188987103,84.64182050926443,1002.2890590287811,0,Normal
AWS001,2026-01-10 16:15:00,22.592463446374687,86.39061230432118,1001.9500150239567,0,Normal
AWS001,2026-01-10 16:30:00,22.234642994255008,82.01386859599066,1001.8487675067264,0,Normal
AWS001,2026-01-10 16:45:00,23.0708820508056,84.94900077728137,1001.1429418638794,0,Normal
AWS001,2026-01-10 17:00:00,21.625239482099094,83.79092170916596,1000.8822456565429,0,Normal
AWS001,2026-01-10 17:15:00,21.235765934932587,84.55285667459225,1001.7603155594097,0,Normal
AWS001,2026-01-10 17:30:00,22.22733661177848,88.83818794113269,1001.6761444856782,0,Normal
AWS001,2026-01-10 17:45:00,21.812024770827335,82.71342835598632,1001.9295807614566,0,Normal
AWS001,2026-01-10 18:00:00,21.591506873147715,85.38060949224186,1000.8460599841108,0,Normal
AWS001,2026-01-10 18:15:00,22.29618903948812,85.6694236062272,1000.987773482104,0,Normal
AWS001,2026-01-10 18:30:00,22.148851117265615,86.50035240801618,1000.237008062501,0,Normal
AWS001,2026-01-10 18:45:00,21.88965686528593,84.85875393625479,1000.8144340071462,0,Normal
AWS001,2026-01-10 19:00:00,21.69232328279723,84.95096320359218,1001.4626036511992,0,Normal
AWS001,2026-01-10 19:15:00,22.66740215434141,83.61647909129394,1000.6844613706755,0,Normal
AWS001,2026-01-10 19:30:00,22.716803276115748,84.26188339953696,1001.1910939293639,0,Normal
AWS001,2026-01-10 19:45:00,22.57909320529211,82.93830270974422,1000.728514301556,0,Normal
AWS001,2026-01-10 20:00:00,23.54250237571243,83.92273889155067,1000.9384856494183,0,Normal
AWS001,2026-01-10 20:15:00,22.583148419654247,81.91762868047279,1000.155094844802,0,Normal
AWS001,2026-01-10 20:30:00,22.629669889882706,82.46595069522178,1000.72383351392,0,Normal
AWS001,2026-01-10 20:45:00,23.21219792717363,81.23370289165722,999.1377666716265,0,Normal
AWS001,2026-01-10 21:00:00,23.73912490633849,82.29567709395654,1000.4918228869674,0,Normal
AWS001,2026-01-10 21:15:00,24.14126088912864,79.81309664111835,999.7218139619723,0,Normal
AWS001,2026-01-10 21:30:00,24.250937002805134,76.47187273282053,1001.0916836784571,0,Normal
AWS001,2026-01-10 21:45:00,24.807400760488104,80.22643574636503,1000.8288950997484,0,Normal
AWS001,2026-01-10 22:00:00,24.499384230323795,76.14140154870614,1000.6249140676432,0,Normal
AWS001,2026-01-10 22:15:00,25.923773700315316,75.65368084531174,1001.1033640084803,0,Normal
AWS001,2026-01-10 22:30:00,25.671038934452426,74.84675954441113,999.8195931605762,0,Normal
AWS001,2026-01-10 22:45:00,26.518281540816247,76.88324911930373,1001.1188448213588,0,Normal
AWS001,2026-01-10 23:00:00,26.584175867935933,70.67877435556981,1000.6623051698207,0,Normal
AWS001,2026-01-10 23:15:00,27.012159355564734,77.63297763073194,1000.0289253793728,0,Normal
AWS001,2026-01-10 23:30:00,27.444749758772574,73.54197809689985,1000.6659673220568,0,Normal
AWS001,2026-01-10 23:45:00,27.78666464862604,71.31590530964596,999.4959384386736,0,Normal
AWS001,2026-01-11 00:00:00,28.25708910394696,69.91765899907571,999.5877429192361,0,Normal
AWS001,2026-01-11 00:15:00,28.92407978743383,69.44728417383435,999.6466199435007,0,Normal
AWS001,2026-01-11 00:30:00,28.861765621200867,68.8237907592683,999.6373538975026,0,Normal
AWS001,2026-01-11 00:45:00,29.454143435132156,68.04146854868321,999.3245181556376,0,Normal
AWS001,2026-01-11 01:00:00,29.517019992900227,66.95112102246738,1000.4153321458573,0,Normal
AWS001,2026-01-11 01:15:00,30.504683677998766,65.31277904233544,999.6254095774141,0,Normal
AWS001,2026-01-11 01:30:00,30.02554367336681,63.963740884062716,999.8822010631898,0,Normal
AWS001,2026-01-11 01:45:00,31.374108314478285,63.138759721234834,999.3719634218926,0,Normal
AWS001,2026-01-11 02:00:00,30.983936819742265,62.20763757947097,998.6981197730655,0,Normal
AWS001,2026-01-11 02:15:00,30.76111135727037,63.36710165000662,999.6948372558296,0,Normal
AWS001,2026-01-11 02:30:00,31.70381034001663,61.75891364829051,998.5551860921064,0,Normal
AWS001,2026-01-11 02:45:00,31.68365422761046,55.699229821502556,999.4286323931274,0,Normal
AWS001,2026-01-11 03:00:00,32.57889810671478,60.37724944699641,998.7305715145352,0,Normal
AWS001,2026-01-11 03:15:00,32.2499892531529,59.014507179893535,1000.3603033425385,0,Normal
AWS001,2026-01-11 03:30:00,32.581646668461474,58.0716367609627,999.7744525719843,0,Normal
AWS001,2026-01-11 03:45:00,32.23300138143706,56.94517813582848,999.323936355926,0,Normal
AWS001,2026-01-11 04:00:00,33.01522989500699,58.69578802321247,999.8553962035198,0,Normal
AWS001,2026-01-11 04:15:00,32.41168471854454,57.96819857019397,998.7530761567123,0,Normal
AWS001,2026-01-11 04:30:00,32.909716065673415,54.982490510595326,999.4008856575716,0,Normal
AWS001,2026-01-11 04:45:00,33.98574663942835,56.40662648826024,999.1821961565697,0,Normal
AWS001,2026-01-11 05:00:00,34.109875021194746,54.053627503852056,999.1676916447574,0,Normal
AWS001,2026-01-11 05:15:00,34.054894707133364,53.21879354676815,999.6255071898768,0,Normal
AWS001,2026-01-11 05:30:00,33.56187871099118,54.18825124250789,999.3094959076262,0,Normal
AWS001,2026-01-11 05:45:00,33.96806899697483,56.32570635999508,999.0418140216284,0,Normal
AWS001,2026-01-11 06:00:00,33.998558984363775,56.42968756806413,998.0245059847906,0,Normal
AWS001,2026-01-11 06:15:00,33.52380766375461,55.80174428156688,998.3267314287792,0,Normal
AWS001,2026-01-11 06:30:00,34.55002848894973,56.215970759664835,998.7005244437889,0,Normal
AWS001,2026-01-11 06:45:00,34.235656598649655,56.062488224623976,998.7640209068475,0,Normal
AWS001,2026-01-11 07:00:00,33.70716928820254,54.548890212829555,998.108032067006,0,Normal
AWS001,2026-01-11 07:15:00,33.692335112568465,56.44393187458427,999.835126710898,0,Normal
AWS001,2026-01-11 07:30:00,33.62663031824673,57.342421300172255,999.3440068171489,0,Normal
AWS001,2026-01-11 07:45:00,32.56454250182644,57.67834587172999,998.8437689790472,0,Normal
AWS001,2026-01-11 08:00:00,33.09728146969841,58.792989000445345,998.5360184306419,0,Normal
AWS001,2026-01-11 08:15:00,32.716023974616164,58.59041158626339,998.3515872824697,0,Normal
AWS001,2026-01-11 08:30:00,32.359472037789445,58.626872206943844,997.9398372180378,0,Normal
AWS001,2026-01-11 08:45:00,32.398598727719474,60.32762824529,998.4130655175351,0,Normal
AWS001,2026-01-11 09:00:00,32.961715297859136,59.35361639332808,998.4621655710125,0,Normal
AWS001,2026-01-11 09:15:00,32.21241203510719,58.78700079665745,997.6718192746225,0,Normal
AWS001,2026-01-11 09:30:00,31.424096978139232,60.623978118953474,998.419655118019,0,Normal
AWS001,2026-01-11 09:45:00,31.562454510660096,60.54909253749624,998.1352725621103,0,Normal
